MEM_PLATE,MEM_MJD,MEM_FIBERID,MEM_Z_NOQSO
4462,55600,692,0.4080727696418762
11095,58439,898,0.40940019488334656
10292,58113,766,0.36126506328582764
10662,58158,497,0.37115833163261414
10293,58132,112,0.36940068006515503
10292,58113,424,0.3228881061077118
10292,58113,392,0.3254474401473999
10292,58113,426,0.3228985369205475
10292,58113,390,0.3270725607872009
10292,58113,388,0.3227243423461914
3752,55236,858,0.3190700113773346
10292,58113,384,0.32412946224212646
10293,58132,178,0.3229834735393524
10293,58132,177,0.32309046387672424
4447,55542,458,0.3203265964984894
10292,58113,219,0.3186274766921997
10292,58113,220,0.31855809688568115
10292,58113,176,0.32467392086982727
10292,58113,175,0.3248649835586548
10292,58113,218,0.3229667842388153
10292,58113,169,0.32369518280029297
10289,58133,716,0.3736579716205597
10289,58133,759,0.36623767018318176
10289,58133,712,0.37106046080589294
930,52618,556,0.36530059576034546
10289,58133,760,0.36616280674934387
10289,58133,707,0.36742520332336426
4451,55537,969,0.36554238200187683
10289,58133,720,0.3745066225528717
10289,58133,755,0.3749103844165802
10289,58133,757,0.37245896458625793
4451,55537,971,0.36984774470329285
4457,55858,596,0.4274110198020935
10289,58133,426,0.39644360542297363
10288,58131,34,0.404575914144516
10289,58133,438,0.39785659313201904
930,52618,95,0.39613816142082214
10289,58133,440,0.39933156967163086
10289,58133,422,0.40462249517440796
4451,55537,178,0.4021856188774109
10288,58131,35,0.4007413685321808
10288,58131,33,0.3972845673561096
4457,55858,451,0.4397566616535187
4457,55858,417,0.44340771436691284
4457,55858,429,0.43887922167778015
11121,58438,766,0.317550927400589
11121,58438,773,0.32159340381622314
1206,52670,245,0.31896883249282837
11120,58510,791,0.44475799798965454
10662,58158,287,0.40871158242225647
931,52619,190,0.41198277473449707
10662,58158,289,0.4104677438735962
10662,58158,290,0.4112425744533539
10662,58158,283,0.4113546907901764
1207,52672,252,0.43680882453918457
10657,58157,615,0.4306172728538513
4450,55540,297,0.4376194179058075
10657,58157,612,0.44053640961647034
8423,58198,610,0.29718491435050964
8423,58198,607,0.3037484586238861
6981,56443,364,0.30236533284187317
10667,58163,485,0.3687920570373535
10667,58163,484,0.36830106377601624
10666,58440,96,0.3709637522697449
10665,58456,333,0.39060792326927185
10665,58456,324,0.3936425447463989
11678,58511,597,0.30436939001083374
11678,58511,554,0.3002837598323822
11678,58511,552,0.3024728298187256
11678,58511,548,0.3012004792690277
11678,58511,595,0.3008539378643036
11678,58511,578,0.409967839717865
11678,58511,575,0.41382208466529846
11678,58511,577,0.41154903173446655
5778,56328,535,0.41087883710861206
11376,58430,124,0.4472101330757141
11376,58430,121,0.4504430294036865
5803,56272,317,0.4515894055366516
11346,58429,605,0.44785770773887634
11344,58438,860,0.40613073110580444
11344,58438,912,0.4067828953266144
5797,56273,720,0.36379021406173706
11345,58428,876,0.36489853262901306
11345,58428,870,0.3668072819709778
11344,58438,141,0.41602301597595215
11344,58438,142,0.41703706979751587
11344,58438,106,0.4160487651824951
11677,58510,336,0.3250716030597687
11677,58510,374,0.32703909277915955
11677,58510,376,0.3310261368751526
11378,58437,392,0.3095249533653259
11379,58438,340,0.33691030740737915
11379,58438,338,0.33953768014907837
11379,58438,376,0.33274027705192566
11379,58438,378,0.3387112617492676
11379,58438,377,0.3380434513092041
11379,58438,339,0.3339179456233978
1947,53431,535,0.33665141463279724
11704,58514,866,0.35787883400917053
11704,58514,864,0.3556585907936096
11380,58462,35,0.37738099694252014
6461,56329,403,0.372296541929245
8423,58198,630,0.37803521752357483
8423,58198,633,0.37001749873161316
8423,58198,632,0.36588412523269653
8423,58198,590,0.36573365330696106
11350,58455,636,0.38028621673583984
6469,56328,468,0.3742731511592865
11350,58455,675,0.3790956735610962
11350,58455,638,0.3832671344280243
11350,58455,926,0.3273497223854065
11351,58440,544,0.32522979378700256
11350,58455,922,0.3246985375881195
11350,58455,964,0.32163944840431213
11383,58485,238,0.4227672219276428
11383,58485,239,0.41523194313049316
11383,58485,192,0.4139041006565094
11383,58485,198,0.4101838767528534
11383,58485,196,0.42148181796073914
11384,58522,374,0.37444302439689636
6452,56366,755,0.3794325292110443
11384,58522,324,0.37586671113967896
11384,58522,330,0.37005865573883057
11384,58522,364,0.3700255751609802
6452,56366,748,0.37538430094718933
6452,56366,742,0.3816404640674591
2354,53799,300,0.3264807462692261
11352,58456,731,0.3278782069683075
2354,53799,298,0.3284386396408081
11352,58456,721,0.32755255699157715
11352,58456,761,0.3293004631996155
11352,58456,42,0.3409096300601959
11352,58456,45,0.34590744972229004
11396,58490,156,0.37395232915878296
11396,58490,146,0.37461528182029724
11401,58491,26,0.33957675099372864
11401,58491,34,0.3441581726074219
11401,58491,24,0.3482438921928406
11401,58491,259,0.4484173357486725
6489,56329,701,0.44288170337677
11401,58491,258,0.4470318853855133
6785,56487,600,0.3545304834842682
10918,58254,578,0.42382073402404785
10918,58254,439,0.41911011934280396
10918,58254,436,0.42138856649398804
7708,57664,858,0.304217129945755
7708,57664,231,0.30142268538475037
7708,57664,896,0.3033827245235443
7711,57667,434,0.3712562620639801
7375,56981,890,0.41567766666412354
7375,56981,759,0.4190446436405182
8169,57071,403,0.42222273349761963
7375,56981,744,0.41732969880104065
7652,57579,386,0.3417147397994995
7651,57654,51,0.4285603165626526
7651,57654,54,0.41525959968566895
7655,57336,630,0.4151797294616699
7655,57336,628,0.41631805896759033
6296,56219,589,0.42048195004463196
7651,57654,52,0.4268198311328888
7651,57654,48,0.4246097505092621
7651,57654,47,0.4240047037601471
7655,57336,632,0.4243158996105194
7656,57338,464,0.30273669958114624
7656,57338,469,0.3027665615081787
7655,57336,99,0.30369728803634644
7655,57336,79,0.3009677529335022
7655,57336,77,0.3073605000972748
7655,57336,1000,0.30470335483551025
7656,57338,492,0.3049509823322296
7655,57336,970,0.30318406224250793
7656,57338,480,0.30247369408607483
7656,57338,490,0.3037645220756531
7655,57336,976,0.2997489273548126
7655,57336,80,0.304338276386261
8169,57071,203,0.3466821014881134
8169,57071,163,0.3451526165008545
6297,56218,2,0.302863746881485
6297,56218,14,0.3013232946395874
7655,57336,616,0.30581456422805786
7655,57336,615,0.31312060356140137
7654,57330,991,0.30812355875968933
7654,57330,985,0.29759320616722107
6297,56218,3,0.31041136384010315
6297,56218,4,0.309405118227005
6296,56219,431,0.30685675144195557
7654,57330,954,0.30673667788505554
7655,57336,538,0.3069476783275604
7769,58420,630,0.3309866786003113
7768,58289,295,0.3464492857456207
6293,56561,575,0.3429327607154846
7768,58289,267,0.34445059299468994
7768,58289,349,0.34099942445755005
7768,58289,310,0.3463587760925293
6292,56566,894,0.3110591769218445
7704,57572,696,0.31179702281951904
6289,56559,598,0.30848389863967896
7704,57572,652,0.3096654415130615
7656,57338,826,0.3901461064815521
7768,58289,370,0.39235612750053406
7768,58289,377,0.3923637866973877
7656,57338,642,0.33976224064826965
7652,57579,45,0.34291142225265503
7704,57572,312,0.3020790219306946
6582,56274,722,0.4024353325366974
6582,56274,762,0.40347808599472046
7706,57575,421,0.40212368965148926
7706,57575,386,0.4051624834537506
6582,56274,732,0.40604498982429504
7706,57575,422,0.4036176800727844
7656,57338,267,0.33433887362480164
7656,57338,261,0.34241050481796265
6295,56536,279,0.33396047353744507
7656,57338,262,0.33001142740249634
6501,56563,203,0.30841463804244995
6587,56537,712,0.38903477787971497
6581,56540,450,0.39913779497146606
6587,56537,707,0.39129024744033813
7702,58017,816,0.39240071177482605
7702,58017,774,0.3895238935947418
7702,58017,768,0.39617860317230225
6581,56540,446,0.3938921093940735
7699,57574,404,0.36235374212265015
7668,57579,754,0.36469244956970215
7668,57579,714,0.3661632537841797
7668,57579,745,0.36411070823669434
7699,57574,349,0.33937427401542664
7699,57574,390,0.34261196851730347
7663,57328,608,0.4343533217906952
6110,56279,934,0.40872883796691895
6879,56539,412,0.4096435606479645
6110,56279,976,0.41132068634033203
7595,56957,815,0.41390764713287354
6174,56243,946,0.41177937388420105
7592,56947,755,0.41143709421157837
7592,56947,754,0.4106823205947876
7616,56902,948,0.42649999260902405
6194,56190,950,0.4305059611797333
7616,56902,943,0.4214973449707031
5701,55949,146,0.313071608543396
7678,57282,278,0.30662423372268677
7678,57282,275,0.30626562237739563
6288,56192,128,0.4004577398300171
6200,56217,964,0.4009217619895935
7619,56900,872,0.3992474675178528
7619,56900,836,0.39497682452201843
7619,56900,840,0.39136841893196106
7619,56900,768,0.3741488754749298
6200,56217,898,0.371769517660141
7619,56900,800,0.37574416399002075
7619,56900,802,0.3809017241001129
7624,57039,735,0.4011705219745636
7294,56739,548,0.35519328713417053
7631,57279,92,0.4337531626224518
7631,57279,96,0.44859418272972107
7625,57011,41,0.3763066232204437
5125,55863,855,0.37713614106178284
7625,57011,44,0.37285348773002625
7630,57006,634,0.37255004048347473
7637,56933,492,0.44597217440605164
7638,56981,100,0.44804906845092773
11112,58428,664,0.4012654721736908
11113,58425,444,0.39936625957489014
1204,52669,122,0.3994881510734558
11113,58425,404,0.4018746316432953
4473,55589,888,0.40414896607398987
11112,58428,624,0.39784640073776245
11112,58428,662,0.40293291211128235
11112,58428,343,0.40112215280532837
11112,58428,353,0.389143168926239
11112,58428,348,0.39872363209724426
11112,58428,381,0.3948858678340912
11120,58510,886,0.33018743991851807
11120,58510,887,0.3304750323295593
11120,58510,881,0.33127883076667786
11120,58510,890,0.33023372292518616
11120,58510,888,0.33139100670814514
11119,58485,743,0.3622967004776001
1924,53330,448,0.3885290026664734
11118,58522,361,0.3888859748840332
4481,55630,949,0.3927953839302063
11118,58522,364,0.39147835969924927
1924,53330,535,0.38847318291664124
11118,58522,363,0.3923260271549225
11118,58522,368,0.3931390643119812
11109,58523,794,0.39198026061058044
11126,58436,189,0.3507515788078308
11126,58436,186,0.3525765836238861
11126,58436,419,0.3573680818080902
11105,58457,782,0.3584917485713959
11105,58457,952,0.3311370015144348
11126,58436,163,0.3298437297344208
11675,58523,532,0.4398915469646454
11126,58436,173,0.43895605206489563
11675,58523,546,0.4268498420715332
11115,58514,292,0.3641034960746765
11106,58511,904,0.363450825214386
11106,58511,902,0.3528018593788147
11115,58514,257,0.3502548933029175
11105,58457,570,0.35779115557670593
11105,58457,568,0.3534749746322632
11105,58457,572,0.35845300555229187
11105,58457,573,0.35880061984062195
11105,58457,569,0.35367855429649353
11105,58457,576,0.3505095839500427
11105,58457,578,0.3572384715080261
11106,58511,959,0.3565978407859802
7278,57041,205,0.3832078278064728
7279,57071,7,0.38439372181892395
7277,56748,886,0.3623112738132477
7277,56748,881,0.3638872504234314
8196,57346,941,0.3355289399623871
8195,57391,432,0.33524274826049805
8195,57391,431,0.33565840125083923
8196,57346,901,0.33529916405677795
8196,57346,944,0.32992929220199585
8195,57391,429,0.33650726079940796
8196,57346,907,0.33161941170692444
8196,57346,906,0.33372318744659424
8195,57391,384,0.33657020330429077
8195,57391,392,0.33279070258140564
8191,57390,700,0.41571885347366333
8191,57390,734,0.4178113043308258
557,52253,476,0.41594189405441284
8188,57348,953,0.3521915674209595
5743,56011,969,0.3549354076385498
8187,57423,471,0.3552815616130829
7579,56954,581,0.34607672691345215
7579,56954,582,0.3457004725933075
6118,56189,567,0.31371834874153137
7582,56960,632,0.3122576177120209
7657,57309,352,0.3435179889202118
7657,57309,349,0.3422686457633972
6300,56449,338,0.31946712732315063
6299,56478,806,0.31566545367240906
6300,56449,340,0.31903448700904846
6299,56478,813,0.31447604298591614
7586,57186,622,0.3275810182094574
6300,56449,302,0.31951704621315
7648,57329,8,0.3164364993572235
6300,56449,342,0.31707003712654114
7648,57329,2,0.3196682631969452
6120,56206,480,0.39912480115890503
7584,56957,755,0.38894057273864746
7584,56957,789,0.3907700777053833
7584,56957,753,0.3995349705219269
6119,56181,25,0.3980931043624878
7584,56957,754,0.39551445841789246
7582,56960,192,0.4172665476799011
7582,56960,228,0.4026164412498474
7582,56960,194,0.41880592703819275
7582,56960,193,0.40856045484542847
7582,56960,188,0.409664124250412
6118,56189,298,0.40781813859939575
6118,56189,286,0.4100291132926941
7582,56960,223,0.4106847047805786
7582,56960,229,0.412216454744339
7582,56960,222,0.4147750735282898
7582,56960,227,0.4208814203739166
7582,56960,225,0.42112791538238525
6118,56189,296,0.4118870794773102
5024,55854,834,0.4074479341506958
7613,56988,640,0.32432258129119873
7613,56988,532,0.32033565640449524
7613,56988,527,0.3228954076766968
7613,56988,530,0.32589781284332275
7610,56980,534,0.30604586005210876
7610,56980,536,0.3084213435649872
6122,56246,710,0.30477434396743774
6121,56187,498,0.34506359696388245
7609,56959,230,0.35121259093284607
7609,56959,226,0.3447285294532776
7609,56959,228,0.34588950872421265
7609,56959,233,0.3391028046607971
6121,56187,492,0.3484140932559967
6120,56206,84,0.3505943715572357
7609,56959,234,0.34252312779426575
7604,56947,971,0.3119381070137024
6124,56211,18,0.30815908312797546
7604,56947,1000,0.30738410353660583
7604,56947,997,0.3146194815635681
6125,56273,572,0.31507179141044617
7604,56947,995,0.31479156017303467
7598,56956,640,0.3763628304004669
6520,56541,134,0.37483352422714233
7600,56984,48,0.3752008378505707
7601,56959,890,0.4325021803379059
7601,56959,860,0.4266117215156555
6116,56245,124,0.43486782908439636
7601,56959,859,0.4386231005191803
6125,56273,943,0.43657779693603516
6116,56245,122,0.4350188374519348
7594,56947,432,0.34123894572257996
7594,56947,396,0.3339928090572357
6193,56237,492,0.3797154724597931
7588,56903,474,0.37595880031585693
7588,56903,470,0.38020429015159607
6186,56246,117,0.36588963866233826
6193,56237,490,0.3678582012653351
6193,56237,494,0.3739699721336365
6186,56246,115,0.367976576089859
7588,56903,433,0.3709271550178528
6193,56237,477,0.3727472722530365
6193,56237,495,0.367703378200531
11040,58456,665,0.3455774486064911
7618,56898,464,0.3466911017894745
11040,58456,668,0.33987265825271606
7618,56898,426,0.34259581565856934
7618,56898,467,0.34319034218788147
7618,56898,466,0.34135106205940247
11040,58456,663,0.34199726581573486
7624,57039,99,0.37019282579421997
7624,57039,58,0.3711179792881012
8178,57428,565,0.3403809070587158
8178,57428,563,0.3406852185726166
7619,56900,404,0.41072189807891846
7619,56900,406,0.40993455052375793
907,52373,368,0.41465285420417786
8178,57428,397,0.42438197135925293
8178,57428,400,0.42290303111076355
8178,57428,399,0.424620121717453
8179,57429,778,0.3983098864555359
11051,58510,982,0.409205824136734
11044,58508,574,0.4050104320049286
11051,58510,985,0.40709492564201355
11044,58508,537,0.4012760818004608
5130,55835,949,0.40259307622909546
5123,55841,542,0.4067320227622986
11051,58510,991,0.40364232659339905
11044,58508,145,0.4473164975643158
5123,55841,891,0.4433806538581848
11051,58510,378,0.3132510781288147
8179,57429,937,0.34158217906951904
8179,57429,900,0.33981165289878845
7628,56978,843,0.324849933385849
11102,58425,342,0.41092580556869507
11102,58425,346,0.4098578095436096
8179,57429,425,0.32410773634910583
906,52368,354,0.3238196074962616
11089,58467,143,0.3355524241924286
11089,58467,152,0.33737173676490784
5175,55955,104,0.344622403383255
11089,58467,141,0.33376047015190125
8172,57423,729,0.34209132194519043
8172,57423,696,0.3378145396709442
6707,56383,808,0.311934232711792
8172,57423,778,0.3169279396533966
8172,57423,770,0.3113216161727905
8172,57423,79,0.3178122639656067
8172,57423,71,0.3168940246105194
8172,57423,80,0.31597626209259033
8172,57423,75,0.31814396381378174
8171,57135,520,0.31668806076049805
7099,56666,110,0.33320891857147217
8238,58171,293,0.3388731777667999
2881,54502,131,0.33438965678215027
7099,56666,108,0.3327903151512146
8238,58171,292,0.32090529799461365
8238,58171,339,0.31866052746772766
2881,54502,99,0.33308953046798706
8238,58171,296,0.3326217234134674
7099,56666,66,0.31915080547332764
8170,57131,695,0.44202762842178345
1309,52762,246,0.4366295635700226
7093,56657,350,0.39294442534446716
8171,57135,910,0.3947746753692627
8170,57131,514,0.39149701595306396
6697,56419,426,0.3436200022697449
8163,57049,543,0.3543478548526764
8170,57131,133,0.3390088975429535
8170,57131,140,0.34463754296302795
6697,56419,473,0.3424855172634125
6697,56419,436,0.3479765057563782
8170,57131,83,0.3458777070045471
6697,56419,430,0.3468075394630432
6697,56419,471,0.3508450388908386
8163,57049,544,0.3498518168926239
8163,57049,541,0.35010460019111633
8170,57131,131,0.35284921526908875
6698,56637,956,0.34556013345718384
6697,56419,472,0.34290826320648193
8238,58171,196,0.373286634683609
8238,58171,197,0.37174728512763977
8238,58171,189,0.3720549941062927
8238,58171,195,0.3782411813735962
8238,58171,191,0.3697960376739502
8233,57887,352,0.3449230492115021
8233,57887,311,0.33609166741371155
8233,57887,430,0.3451025187969208
8233,57887,356,0.3418956398963928
8233,57887,314,0.3424958884716034
7091,56658,58,0.394468754529953
8233,57887,464,0.39588481187820435
8234,57450,6,0.39549410343170166
1313,52790,37,0.39555054903030396
7091,56658,47,0.39530086517333984
7572,56944,764,0.34175705909729004
7572,56944,770,0.34629109501838684
7572,56944,721,0.34102973341941833
7572,56944,786,0.34488824009895325
7572,56944,130,0.3329297602176666
5028,55836,810,0.3350725769996643
7572,56944,122,0.3373962938785553
7605,56949,362,0.3453254699707031
7605,56949,365,0.34904786944389343
7605,56949,366,0.3483203053474426
6135,56192,629,0.44540780782699585
6132,56267,528,0.43081894516944885
6131,56211,40,0.43705183267593384
6132,56267,521,0.4326176643371582
7602,56954,397,0.4391274154186249
7602,56954,404,0.4364852011203766
6131,56211,34,0.4332689344882965
7602,56954,382,0.44369226694107056
11561,58485,441,0.376075804233551
6182,56190,172,0.36380791664123535
11561,58485,411,0.3731165826320648
6182,56190,136,0.3734508752822876
11561,58485,415,0.38193514943122864
11277,58450,844,0.3646136224269867
11277,58450,912,0.36888226866722107
6182,56190,122,0.37195026874542236
4534,55863,663,0.36916282773017883
11277,58450,907,0.36988815665245056
4534,55863,666,0.3771110773086548
11561,58485,414,0.36901241540908813
11561,58485,418,0.374104768037796
11312,58433,428,0.33597540855407715
11311,58429,901,0.3345812261104584
4537,55806,756,0.3410862684249878
11312,58433,421,0.3332812786102295
11311,58429,905,0.33842945098876953
11311,58429,868,0.33584558963775635
11311,58429,904,0.3420586884021759
5656,55940,450,0.4367971122264862
4540,55863,790,0.4272398352622986
11314,58436,744,0.431747168302536
11064,58430,704,0.37457817792892456
11064,58430,706,0.376863956451416
11064,58430,675,0.37622442841529846
11073,58451,534,0.3400505483150482
11073,58451,570,0.34479251503944397
4555,56189,538,0.34510061144828796
11064,58430,992,0.34026211500167847
11064,58430,990,0.3392997682094574
11064,58430,814,0.30815646052360535
4551,55569,739,0.308641642332077
11064,58430,931,0.3667074143886566
11073,58451,520,0.3634624779224396
11073,58451,518,0.3638426959514618
11064,58430,970,0.36405283212661743
11073,58451,500,0.3623068332672119
11073,58451,514,0.36269479990005493
11073,58451,396,0.356231153011322
11073,58451,398,0.3599041700363159
11073,58451,354,0.3602335751056671
11064,58430,60,0.3257998526096344
11064,58430,54,0.324324369430542
11072,58436,822,0.3250112235546112
11064,58430,55,0.32640010118484497
11072,58436,866,0.3205404281616211
11078,58437,698,0.40342503786087036
11078,58437,658,0.40226316452026367
4659,55587,993,0.3975536525249481
11078,58437,690,0.39886727929115295
4659,55587,988,0.39233773946762085
8216,58172,594,0.4169156849384308
6833,56413,39,0.41368186473846436
8216,58172,600,0.4156181812286377
8216,58172,592,0.41782617568969727
8216,58172,596,0.41644906997680664
8231,58199,167,0.33598119020462036
8217,58172,626,0.33696821331977844
8231,58199,161,0.33797863125801086
8217,58172,625,0.3390180468559265
8231,58199,166,0.33594846725463867
8217,58172,628,0.33344805240631104
8200,58174,993,0.43570324778556824
8212,58171,337,0.30975404381752014
8201,58146,943,0.3122030198574066
8212,58171,308,0.3163430690765381
8212,58171,301,0.3142872750759125
8201,58146,947,0.3171185851097107
8212,58171,299,0.31005749106407166
6810,56447,372,0.306043803691864
8201,58146,951,0.30964502692222595
8201,58146,606,0.3128760755062103
8200,58174,21,0.3167206943035126
959,52411,253,0.3173021972179413
8200,58174,18,0.3171044886112213
8201,58146,608,0.31453418731689453
8202,58158,556,0.30107927322387695
8212,58171,246,0.2978776693344116
8212,58171,282,0.30647018551826477
8212,58171,321,0.29560431838035583
8212,58171,284,0.3030659556388855
8202,58158,546,0.30577611923217773
8212,58171,244,0.3034467399120331
8202,58158,554,0.30376437306404114
8215,58197,964,0.4230874180793762
8202,58158,478,0.3235766887664795
8202,58158,473,0.3232940137386322
8202,58158,471,0.3265219032764435
8202,58158,492,0.3218933343887329
8204,58146,815,0.30721965432167053
8204,58146,818,0.30158188939094543
8204,58146,817,0.30491507053375244
8205,58143,485,0.3494887053966522
8205,58143,483,0.35018107295036316
6165,56208,726,0.41963037848472595
11293,58462,992,0.41978883743286133
11554,58456,201,0.42165887355804443
6165,56208,722,0.42086508870124817
11554,58456,244,0.4226300120353699
11293,58462,95,0.36467304825782776
6165,56208,474,0.366504430770874
11555,58452,902,0.323452353477478
11546,58488,462,0.3631603717803955
11546,58488,461,0.36190930008888245
11546,58488,424,0.36091703176498413
11554,58456,27,0.4133235812187195
6158,56239,412,0.41498395800590515
11554,58456,21,0.40897947549819946
11312,58433,412,0.31798267364501953
11312,58433,447,0.31665608286857605
4537,55806,721,0.3155355751514435
11312,58433,452,0.3180292546749115
11311,58429,874,0.3216628134250641
11312,58433,406,0.32030630111694336
11277,58450,244,0.3163015842437744
11309,58428,507,0.315696120262146
4537,55806,450,0.40993160009384155
6805,56442,154,0.30566370487213135
8202,58158,946,0.30350425839424133
8199,57428,364,0.30548807978630066
8202,58158,984,0.31309381127357483
8202,58158,948,0.3045559823513031
8199,57428,371,0.3006100654602051
8199,57428,328,0.3076893985271454
8202,58158,953,0.3124670386314392
8199,57428,368,0.3108851909637451
6805,56442,196,0.3106337785720825
8199,57428,366,0.3060343861579895
8202,58158,985,0.30519938468933105
6805,56442,152,0.30262434482574463
8199,57428,323,0.3059402406215668
4537,55806,999,0.36842653155326843
11312,58433,162,0.36062929034233093
11312,58433,167,0.3602871298789978
11313,58426,608,0.36189472675323486
8750,58401,837,0.3949984312057495
8747,57401,358,0.3266289234161377
8747,57401,355,0.33075299859046936
8747,57401,699,0.3290722668170929
8747,57401,215,0.3651401400566101
8747,57401,210,0.3597431778907776
8747,57401,208,0.3652915060520172
8747,57401,209,0.364128053188324
8747,57401,216,0.3620971441268921
11072,58436,546,0.35627231001853943
11064,58430,374,0.35187840461730957
11072,58436,545,0.35653650760650635
11063,58426,633,0.3201725482940674
11063,58426,636,0.32505032420158386
11055,58429,242,0.32158493995666504
8754,58425,284,0.37072503566741943
8754,58425,272,0.3727371096611023
4420,55883,230,0.42928361892700195
8750,58401,59,0.4290432929992676
8751,57685,705,0.4271509051322937
8750,58401,41,0.43082818388938904
4305,55509,755,0.4307282865047455
8754,58425,347,0.3455619215965271
8754,58425,345,0.340778112411499
8754,58425,349,0.3406710922718048
8754,58425,343,0.3392634391784668
8754,58425,350,0.3392353951931
8753,57373,914,0.3447490930557251
8753,57373,63,0.3567834794521332
8753,57373,26,0.3561776578426361
8753,57373,23,0.3556192219257355
8751,57685,2,0.41845738887786865
8753,57373,468,0.4212782084941864
8753,57373,467,0.41615965962409973
8753,57373,462,0.4151638150215149
4307,55531,427,0.4179235100746155
8751,57685,255,0.3619246780872345
4306,55584,712,0.35681673884391785
8751,57685,204,0.36305898427963257
7859,57282,665,0.3188501298427582
4309,55528,50,0.3279205560684204
7859,57282,668,0.3261667788028717
4309,55528,96,0.321736216545105
4311,55506,926,0.3209651708602905
7859,57282,666,0.3184800446033478
4551,55569,87,0.3423689305782318
8427,57846,493,0.4062400758266449
6801,56487,878,0.4052525460720062
8761,58430,457,0.3013456463813782
8760,57672,782,0.29900702834129333
8761,58430,459,0.30577352643013
8757,58428,28,0.30767834186553955
8760,57672,781,0.3023838400840759
8761,58430,460,0.30281272530555725
4315,55503,613,0.3989616930484772
8756,57687,35,0.40061792731285095
8760,57672,474,0.40752241015434265
8756,57687,32,0.3958806097507477
8756,57687,33,0.40842506289482117
8756,57687,30,0.40882423520088196
8756,57687,3,0.4058290421962738
8760,57672,468,0.40152421593666077
8760,57672,470,0.3998337686061859
11071,58429,186,0.39335596561431885
11071,58429,188,0.3931349813938141
8759,57700,76,0.37797781825065613
8762,57693,88,0.36285093426704407
8762,57693,50,0.36338111758232117
11650,58508,82,0.31830698251724243
11650,58508,83,0.31523263454437256
4403,55536,149,0.3165455460548401
8735,58133,485,0.317791223526001
4270,55511,666,0.3243083953857422
4270,55511,662,0.3142824172973633
4403,55536,102,0.3206320106983185
11650,58508,64,0.32614225149154663
11650,58508,67,0.3220827281475067
8735,58133,494,0.3207131624221802
11650,58508,65,0.32512757182121277
8738,57402,174,0.42056259512901306
4270,55511,173,0.422769695520401
8738,57402,177,0.42147573828697205
8738,57402,170,0.42178618907928467
8734,57642,870,0.3581637442111969
8428,57837,724,0.32532915472984314
1324,53088,199,0.33204177021980286
8428,57837,688,0.33022597432136536
8428,57837,723,0.3304242491722107
8428,57837,484,0.39869511127471924
1044,52468,380,0.40967169404029846
8428,57837,467,0.4079826772212982
8409,57867,212,0.4225536584854126
8409,57867,164,0.42237117886543274
8398,57870,590,0.42131879925727844
8398,57870,546,0.4264233112335205
8409,57867,206,0.4229992628097534
8399,57843,750,0.3019176423549652
8402,57843,600,0.4107784032821655
8427,57846,91,0.40621864795684814
6797,56426,898,0.4026181995868683
8427,57846,92,0.41061705350875854
6789,56401,632,0.3301442563533783
8423,58198,464,0.40431371331214905
6789,56401,884,0.40601420402526855
8417,58175,329,0.32256388664245605
8417,58175,376,0.3168621361255646
8417,58175,328,0.32808932662010193
8411,57875,910,0.3221653997898102
11317,58398,257,0.31536972522735596
11316,58396,581,0.3181439936161041
11316,58396,624,0.31386125087738037
11316,58396,653,0.42162978649139404
11321,58425,889,0.38818907737731934
11321,58425,887,0.39292076230049133
11324,58395,280,0.3415033221244812
11324,58395,277,0.34687674045562744
11324,58395,278,0.33989661931991577
11324,58395,279,0.3455813229084015
11337,58431,894,0.4377956986427307
11337,58431,900,0.4339076280593872
4426,56105,353,0.4356590807437897
11304,58448,960,0.35902127623558044
11304,58448,958,0.356615275144577
4411,56164,821,0.3587930202484131
11304,58448,797,0.32664719223976135
11304,58448,794,0.3266155421733856
11304,58448,798,0.3285291790962219
11304,58448,838,0.32485678791999817
11304,58448,800,0.3346756398677826
4411,56164,718,0.33003324270248413
11304,58448,839,0.3314756751060486
4291,55525,834,0.3702380657196045
8411,57875,114,0.3972522020339966
791,52435,600,0.4104679822921753
8411,57875,116,0.39978498220443726
11304,58448,294,0.3725406527519226
4414,55882,21,0.4111831486225128
11302,58436,935,0.41447773575782776
11302,58436,933,0.3966754376888275
4414,55882,22,0.4072333574295044
4414,55882,24,0.4144733250141144
11302,58436,900,0.4171357750892639
4409,55883,379,0.30506813526153564
11296,58425,781,0.30654406547546387
11295,58456,494,0.3095704913139343
11295,58456,496,0.3056676387786865
4409,55883,414,0.31099164485931396
11302,58436,24,0.3121150732040405
11306,58450,165,0.3060493767261505
11296,58425,586,0.37216317653656006
11296,58425,588,0.37090960144996643
11296,58425,589,0.3688671886920929
11303,58428,770,0.3140990436077118
11303,58428,815,0.312691330909729
11303,58428,776,0.30997830629348755
11296,58425,180,0.4259709119796753
11287,58429,732,0.4050646424293518
11287,58429,727,0.4021168649196625
6166,56181,927,0.4007280766963959
11287,58429,734,0.405015766620636
11287,58429,730,0.40152162313461304
11295,58456,366,0.30382975935935974
11295,58456,362,0.308704137802124
11295,58456,365,0.3147743046283722
11295,58456,373,0.3113408386707306
4287,55483,76,0.3093207776546478
11296,58425,973,0.3097923994064331
11296,58425,977,0.31498318910598755
11289,58398,972,0.3114748001098633
11289,58398,980,0.3147313594818115
4284,55863,825,0.31098616123199463
11289,58398,976,0.31670331954956055
4535,55860,523,0.34303173422813416
11279,58449,765,0.3406473398208618
11279,58449,802,0.3369019627571106
6795,56425,272,0.3353167176246643
8416,57894,119,0.32921382784843445
8416,57894,120,0.33283519744873047
8415,57893,705,0.33261632919311523
8416,57894,106,0.33608880639076233
8742,57364,6,0.3188496232032776
8741,57390,832,0.32086750864982605
8741,57390,786,0.32140809297561646
8740,57367,484,0.32234591245651245
8741,57390,822,0.3266128599643707
11281,58424,308,0.3434659242630005
11281,58424,276,0.3465212285518646
4281,55836,50,0.355302631855011
11281,58424,313,0.3534480929374695
4298,55511,764,0.3365064561367035
7853,56988,762,0.333507776260376
7853,56988,765,0.3363657295703888
7853,56988,773,0.33492419123649597
8408,57874,955,0.3228195309638977
8416,57894,338,0.32759106159210205
8408,57874,958,0.32256749272346497
8416,57894,324,0.3237808644771576
8415,57893,546,0.32362085580825806
7852,56987,993,0.36651405692100525
7852,56987,33,0.3627757132053375
7853,56988,479,0.3684479892253876
7852,56987,39,0.3657940924167633
4298,55511,478,0.364565372467041
7853,56988,534,0.36719048023223877
7853,56988,536,0.3694216012954712
4296,55499,16,0.36942562460899353
7853,56988,538,0.3681124746799469
7852,56987,79,0.3636462390422821
4217,55478,172,0.3315659463405609
7862,56984,161,0.33183005452156067
7863,56975,560,0.3313443064689636
7862,56984,174,0.3348143398761749
7863,56975,561,0.33533191680908203
7855,57011,883,0.386601984500885
7855,57011,881,0.386170893907547
7855,57011,885,0.3820546567440033
4303,55508,344,0.3796280324459076
7855,57011,920,0.3848189413547516
7855,57011,844,0.38612160086631775
4302,55531,894,0.3746759593486786
7855,57011,853,0.39401599764823914
7855,57011,848,0.38242292404174805
7855,57011,856,0.3914799392223358
7855,57011,811,0.3861481547355652
7855,57011,887,0.3815440535545349
7855,57011,882,0.3856523633003235
7870,57016,712,0.39306238293647766
7856,57260,21,0.39147987961769104
7870,57016,704,0.3911726176738739
7856,57260,58,0.3969162702560425
7870,57016,709,0.3942095935344696
7870,57016,710,0.38939616084098816
7868,57006,546,0.38431990146636963
689,52262,522,0.3893873989582062
3587,55182,541,0.39204466342926025
7855,57011,225,0.3850540816783905
7855,57011,249,0.38645297288894653
7868,57006,544,0.38369452953338623
689,52262,528,0.3844808042049408
7868,57006,542,0.3829144537448883
7868,57006,505,0.4093809127807617
7866,57002,602,0.39802753925323486
7866,57002,607,0.39789676666259766
7864,56979,26,0.37880071997642517
7864,56979,24,0.37665435671806335
7864,56979,20,0.37182337045669556
7866,57002,433,0.37573230266571045
7869,57012,432,0.33745530247688293
7869,57012,462,0.33842355012893677
7858,57281,823,0.3288322985172272
4308,55565,992,0.32904770970344543
7858,57281,840,0.3246729075908661
7858,57281,839,0.3234010636806488
7858,57281,837,0.3322569727897644
7858,57281,800,0.3231276869773865
7857,57278,728,0.38754814863204956
7857,57278,766,0.38469797372817993
7857,57278,762,0.38735631108283997
7857,57278,726,0.38802090287208557
7857,57278,812,0.39136257767677307
7857,57278,160,0.45008817315101624
7857,57278,145,0.4363999366760254
7857,57278,146,0.4478955864906311
7857,57278,152,0.4447025656700134
7872,57279,958,0.39932781457901
691,52199,482,0.36032599210739136
7870,57016,768,0.362472802400589
395,51783,505,0.37900641560554504
7872,57279,894,0.37380510568618774
7872,57279,891,0.3769169747829437
7818,56989,968,0.3487657606601715
7847,57012,522,0.34869882464408875
7818,56989,232,0.40968528389930725
1501,53740,108,0.4115605056285858
7875,56980,102,0.3122312128543854
7875,56980,70,0.3141931891441345
7847,57012,652,0.34320494532585144
7847,57012,688,0.34216850996017456
7843,56902,320,0.3491646945476532
7843,56902,682,0.3477039337158203
7843,56902,36,0.39762625098228455
7843,56902,76,0.3966543972492218
7843,56902,71,0.3979600965976715
7843,56902,39,0.39918965101242065
7840,57003,229,0.37167811393737793
7837,56987,305,0.3725462555885315
7837,56987,307,0.3724750876426697
7837,56987,303,0.3699641227722168
4346,56209,933,0.4360535442829132
4346,56209,939,0.43429768085479736
8415,57893,366,0.3013634979724884
8396,57837,916,0.30103009939193726
4347,55830,99,0.37852394580841064
7838,56958,296,0.380178838968277
7838,56958,257,0.37986940145492554
7828,57039,680,0.39736688137054443
7828,57039,720,0.39406833052635193
7828,57039,682,0.395572692155838
2636,54082,90,0.36340394616127014
1164,52674,541,0.3328375220298767
8396,57837,834,0.3343963921070099
7825,57030,885,0.38628053665161133
8394,57865,524,0.331299364566803
8396,57837,973,0.3260129988193512
8394,57865,523,0.3300115764141083
6791,56429,240,0.4083910882472992
617,52072,323,0.406934916973114
6791,56429,234,0.4035024642944336
6791,56429,230,0.4059368669986725
6791,56429,272,0.40257057547569275
8425,58226,122,0.39606136083602905
8425,58226,86,0.3973720073699951
8425,58226,84,0.3924562633037567
8413,57897,276,0.30683058500289917
8413,57897,272,0.308209627866745
8413,57897,278,0.3121502101421356
8413,57897,275,0.31076598167419434
6709,56429,858,0.31172847747802734
6709,56429,186,0.3144000470638275
8066,57544,589,0.30874913930892944
8066,57544,588,0.31395208835601807
8413,57897,324,0.3167372941970825
9162,58040,800,0.3840619623661041
9162,58040,838,0.37993332743644714
5143,55828,770,0.38486307859420776
9162,58040,836,0.38873291015625
5143,55828,810,0.382199227809906
9163,58043,5,0.3138854503631592
9142,57664,904,0.3170134127140045
9142,57664,429,0.32120460271835327
9180,57693,134,0.3283114731311798
9142,57664,436,0.3258226215839386
9180,57693,125,0.3265203833580017
4194,55450,96,0.3215956687927246
4195,55452,448,0.3368489146232605
9180,57693,143,0.32265397906303406
9142,57664,425,0.32260456681251526
4195,55452,446,0.3278745412826538
9180,57693,157,0.3206954002380371
9142,57664,467,0.32772016525268555
9180,57693,64,0.33991047739982605
9143,57665,294,0.35077545046806335
9143,57665,298,0.35199812054634094
9143,57665,290,0.3568946123123169
9143,57665,296,0.35828515887260437
9180,57693,102,0.31695955991744995
9180,57693,104,0.31732434034347534
4378,55853,774,0.3292149007320404
9151,58067,344,0.3403262495994568
676,52178,282,0.3351854383945465
9151,58067,346,0.3384743332862854
9151,58067,348,0.3334536552429199
9151,58067,314,0.34069398045539856
9173,58069,156,0.38080108165740967
4290,55527,406,0.3589194416999817
9154,58013,707,0.37171438336372375
9154,58013,661,0.3659520745277405
9174,58070,251,0.3685895800590515
9153,58022,570,0.34885603189468384
9153,58022,572,0.3463393449783325
678,52884,264,0.342960000038147
9152,58041,984,0.3410062789916992
9152,58041,414,0.39945706725120544
9152,58041,415,0.40416768193244934
9153,58022,162,0.30363816022872925
9153,58022,206,0.3006082773208618
4361,55831,802,0.3004698157310486
9153,58022,165,0.3028237521648407
9153,58022,163,0.2983514070510864
9153,58022,164,0.2959274351596832
4361,55831,807,0.3015294373035431
9153,58022,203,0.2991253137588501
9175,58049,606,0.3712547719478607
9175,58049,616,0.36351025104522705
9175,58049,574,0.3681483864784241
4286,55499,102,0.3650766909122467
9175,58049,228,0.34155210852622986
680,52200,457,0.33778828382492065
9175,58049,234,0.3423633575439453
9175,58049,262,0.3365771770477295
9175,58049,231,0.33909106254577637
9175,58049,264,0.33415889739990234
9155,58043,415,0.3062709867954254
9155,58043,378,0.30977022647857666
6788,56428,954,0.3077399730682373
7849,56980,875,0.4124942719936371
7848,56959,324,0.3817121982574463
7848,56959,328,0.3812406659126282
7848,56959,326,0.3841169476509094
9158,57664,448,0.32074832916259766
9158,57664,450,0.32408836483955383
9158,57664,445,0.3203488290309906
8067,58253,216,0.3574977517127991
8067,58253,210,0.3534137010574341
8065,58248,666,0.3533378541469574
8067,58253,208,0.34997740387916565
7904,57358,756,0.3160138428211212
4368,55559,4,0.31637656688690186
7904,57358,222,0.3662765324115753
7904,57358,259,0.36573758721351624
7904,57358,260,0.36403608322143555
7912,57310,213,0.3834201991558075
7912,57310,210,0.3877822756767273
7912,57310,212,0.3895720839500427
7912,57310,208,0.38649851083755493
8413,57897,887,0.3935113251209259
8413,57897,890,0.39660775661468506
8413,57897,893,0.39296889305114746
8061,58253,590,0.32009902596473694
8064,58255,332,0.32618606090545654
6788,56428,396,0.32391199469566345
8061,58253,592,0.3204384446144104
8064,58255,329,0.32204553484916687
8064,58255,328,0.31872180104255676
7892,57333,844,0.44391652941703796
7892,57333,846,0.43306222558021545
4349,55803,416,0.443746954202652
7892,57333,880,0.43278467655181885
4349,55803,415,0.4525834321975708
7892,57333,822,0.45110565423965454
7879,57359,436,0.34944039583206177
7879,57359,438,0.3527601361274719
7879,57359,423,0.35192808508872986
3679,55209,443,0.3730030059814453
8308,57417,661,0.3752594590187073
1868,53318,112,0.43820348381996155
7301,56746,443,0.3531695306301117
7309,56991,586,0.36106589436531067
7317,56992,976,0.38998156785964966
7309,56991,539,0.39408814907073975
7317,56992,913,0.39284563064575195
7377,56741,120,0.3912256062030792
7309,56991,520,0.4152599573135376
7377,56741,172,0.4152284860610962
3688,55273,637,0.4214456081390381
7377,56741,106,0.3243027627468109
7309,56991,490,0.3209061920642853
7317,56992,923,0.3232201337814331
440,51885,584,0.3481970429420471
3693,55208,663,0.3411228656768799
7378,56715,903,0.3471912741661072
7309,56991,210,0.34553197026252747
7378,56715,919,0.3464275598526001
7318,56990,628,0.35185787081718445
7309,56991,212,0.347200483083725
7378,56715,904,0.34583184123039246
7378,56715,825,0.35052427649497986
440,51885,548,0.3417125940322876
7309,56991,325,0.33943963050842285
3688,55273,131,0.3504883944988251
7378,56715,826,0.35258978605270386
7318,56990,546,0.34350958466529846
7378,56715,828,0.34393051266670227
7378,56715,833,0.35483601689338684
7318,56990,505,0.3530912697315216
7318,56990,524,0.3567509949207306
7318,56990,501,0.3536511957645416
3688,55273,130,0.3658457398414612
3688,55273,129,0.3561687171459198
7317,56992,256,0.37024495005607605
7317,56992,212,0.3718888759613037
7324,56935,524,0.37791988253593445
7324,56935,520,0.3802025318145752
7324,56935,516,0.3780580759048462
7324,56935,518,0.3742396831512451
438,51884,331,0.38980910181999207
3687,55269,473,0.38902050256729126
7324,56935,652,0.3914746046066284
7311,57038,921,0.3294979929924011
7303,57013,576,0.32903140783309937
7512,56777,444,0.3861020803451538
7320,56722,774,0.3901903033256531
7319,56962,31,0.3828914761543274
7320,56722,699,0.3842770755290985
7320,56722,694,0.38198789954185486
7320,56722,695,0.3848152756690979
7320,56722,691,0.3811567425727844
7320,56722,740,0.38770243525505066
7288,57039,174,0.4162159562110901
7289,57039,540,0.41416433453559875
7295,57067,760,0.41564977169036865
5724,56364,12,0.31293296813964844
7307,56720,714,0.35077157616615295
7298,56661,474,0.3519817292690277
8175,57039,440,0.43369609117507935
6668,56605,178,0.3345673084259033
8168,56992,699,0.3336983323097229
8168,56992,474,0.37428542971611023
8168,56992,518,0.382296085357666
6668,56605,416,0.38232681155204773
8168,56992,539,0.3832337558269501
8168,56992,473,0.38615962862968445
8168,56992,468,0.37903380393981934
6668,56605,364,0.3873767852783203
6661,56366,942,0.38372984528541565
8168,56992,465,0.3829849064350128
7381,56717,861,0.44462352991104126
8168,56992,353,0.44846460223197937
7381,56717,71,0.33733823895454407
7381,56717,77,0.3398895561695099
7386,56769,555,0.3375583589076996
7382,56991,406,0.33029332756996155
7386,56769,720,0.33753907680511475
7386,56769,715,0.33437126874923706
7382,56991,416,0.33353811502456665
7381,56717,100,0.33301451802253723
7386,56769,524,0.3349330723285675
8171,57135,334,0.413507878780365
6705,56636,298,0.4169706702232361
8165,57374,877,0.41640710830688477
8165,57374,872,0.41489389538764954
6705,56636,257,0.4134514033794403
8165,57374,876,0.41512471437454224
8171,57135,291,0.41281548142433167
8165,57374,751,0.4217570126056671
8166,57130,225,0.35045507550239563
8166,57130,270,0.3540765047073364
6706,56385,478,0.35604098439216614
8166,57130,230,0.35151827335357666
6699,56411,438,0.44504669308662415
8162,56993,34,0.32978108525276184
8162,56993,26,0.3338563144207001
8161,57127,427,0.33166393637657166
8162,56993,29,0.3277103900909424
8162,56993,32,0.32592064142227173
8161,57127,389,0.3274669647216797
8162,56993,24,0.32858768105506897
877,52353,291,0.3223758339881897
8161,57127,428,0.32651859521865845
7380,56753,662,0.33387303352355957
7380,56753,709,0.3277052044868469
7387,57038,227,0.43438956141471863
7387,57038,225,0.4297140836715698
8160,57071,742,0.3919157087802887
6699,56411,954,0.39417555928230286
8164,57127,358,0.39524418115615845
8159,57064,526,0.3067236840724945
8160,57071,920,0.3033439517021179
8159,57064,524,0.2970965802669525
8160,57071,955,0.299963116645813
8164,57127,161,0.3031059801578522
8160,57071,956,0.30122727155685425
8164,57127,166,0.3040621876716614
8164,57127,164,0.30606868863105774
7400,57134,909,0.33538588881492615
8159,57064,8,0.3389170169830322
6690,56416,203,0.3366849422454834
8159,57064,4,0.3370745778083801
8224,57378,495,0.3354555070400238
8224,57378,498,0.33452722430229187
7400,57134,910,0.33773308992385864
8160,57071,264,0.3565923571586609
6685,56412,908,0.3901018500328064
6685,56412,861,0.3910176455974579
8159,57064,215,0.3971593379974365
6685,56412,874,0.39991918206214905
7395,57131,817,0.30852019786834717
7395,57131,813,0.312406063079834
7395,57131,806,0.31299224495887756
7395,57131,812,0.30807405710220337
7395,57131,814,0.3095455765724182
8224,57378,590,0.43246161937713623
6677,56385,988,0.43762436509132385
6670,56389,994,0.35547927021980286
6669,56413,442,0.3519788086414337
7415,57097,736,0.35645368695259094
7415,57097,772,0.350840300321579
1278,52735,90,0.37563666701316833
7415,57097,356,0.3756672739982605
7415,57097,353,0.37458348274230957
1278,52735,100,0.37080055475234985
1279,52736,286,0.37068426609039307
7419,56811,902,0.3678204119205475
7419,56811,913,0.3688240945339203
7415,57097,176,0.30496859550476074
7416,56810,595,0.30520695447921753
7415,57097,173,0.30859729647636414
8223,57429,808,0.383354514837265
8223,57429,802,0.38536471128463745
8210,57426,566,0.36999666690826416
8210,57426,766,0.337955117225647
6673,56419,228,0.40144169330596924
7412,57162,703,0.39249369502067566
7412,57162,745,0.39542195200920105
7409,56809,577,0.30982232093811035
7409,56809,528,0.30785638093948364
1461,53062,417,0.309196799993515
7411,56776,903,0.30403098464012146
6753,56399,179,0.3018740117549896
8208,57430,992,0.3304116725921631
6757,56416,50,0.327008992433548
8208,57430,991,0.331504762172699
8209,57427,541,0.3331313729286194
7434,57166,810,0.33320629596710205
8211,57423,365,0.3358307182788849
7434,57166,806,0.33361566066741943
7434,57166,812,0.32837602496147156
8211,57423,362,0.3362976312637329
8211,57423,401,0.3326963186264038
7434,57166,765,0.33198198676109314
8211,57423,404,0.3297799229621887
1282,52759,635,0.33423247933387756
1282,52759,636,0.3304850459098816
7434,57166,734,0.33101075887680054
7434,57166,740,0.32749637961387634
7406,56805,667,0.3324187099933624
7434,57166,774,0.33766311407089233
7406,56805,702,0.3281587064266205
7434,57166,776,0.34004244208335876
7434,57166,64,0.43472903966903687
7406,56805,874,0.4427923858165741
7406,56805,686,0.3363271951675415
7434,57166,260,0.33558133244514465
7434,57166,259,0.336121141910553
7406,56805,722,0.328095018863678
7406,56805,724,0.3322663903236389
7434,57166,256,0.33437520265579224
7406,56805,687,0.32715415954589844
8499,57431,564,0.3045850098133087
8499,57431,566,0.3044709861278534
8406,57513,850,0.435228168964386
8435,57487,416,0.4135425090789795
8435,57487,414,0.4192344546318054
8396,57837,288,0.31925731897354126
8404,57481,194,0.3457026481628418
8404,57481,160,0.34439989924430847
8194,57401,926,0.34678757190704346
7085,56625,585,0.3472655713558197
8194,57401,928,0.3614402413368225
8194,57401,934,0.35561466217041016
8190,57448,521,0.355756938457489
8194,57401,937,0.3560267686843872
8394,57865,935,0.35663697123527527
8394,57865,699,0.42441093921661377
8394,57865,700,0.4238038659095764
8429,57893,573,0.31918707489967346
618,52049,46,0.33264026045799255
8063,57576,876,0.38721638917922974
6716,56401,488,0.4014689326286316
8410,57481,692,0.4059818685054779
8407,57839,146,0.42093485593795776
6723,56428,515,0.4280373752117157
8063,57576,86,0.40020158886909485
8059,57895,493,0.3950902223587036
8060,57894,902,0.4044516682624817
8063,57576,88,0.40092745423316956
8060,57894,863,0.40113723278045654
8060,57894,904,0.4061327874660492
8060,57894,910,0.4009917378425598
8059,57895,491,0.4070896804332733
8063,57576,84,0.39912641048431396
8060,57894,908,0.39948979020118713
6313,56460,809,0.3717493414878845
6313,56460,854,0.36245352029800415
8058,57196,569,0.37049025297164917
8062,58251,76,0.3710891008377075
8062,58251,74,0.36669430136680603
8056,57186,266,0.41859671473503113
6317,56448,247,0.4306228458881378
8056,57186,449,0.4345976412296295
6317,56448,211,0.432966411113739
6311,56447,918,0.30117666721343994
8057,57190,987,0.30258914828300476
8057,57190,982,0.30344340205192566
8057,57190,948,0.30077654123306274
8306,57419,129,0.3661686182022095
3671,55483,269,0.36430686712265015
8276,57067,635,0.364474356174469
8276,57067,636,0.36410319805145264
6375,56323,597,0.3670734465122223
8306,57419,126,0.36630022525787354
6386,56325,290,0.36254948377609253
8277,57073,604,0.3485628366470337
8277,57073,602,0.34530165791511536
6389,56270,128,0.34562960267066956
8277,57073,608,0.349130779504776
4526,55559,477,0.34097734093666077
8277,57073,601,0.3443380296230316
6373,56298,417,0.36029741168022156
10655,58172,620,0.36749836802482605
10655,58172,618,0.36599859595298767
10655,58172,619,0.364144891500473
6373,56298,207,0.42495009303092957
3660,55209,215,0.4278718829154968
10655,58172,233,0.42981797456741333
6374,56326,437,0.42626750469207764
441,51868,215,0.35016438364982605
7328,56715,751,0.3508341610431671
7379,56713,698,0.37276023626327515
7379,56713,693,0.3721964359283447
6391,56329,601,0.3721613585948944
6392,56331,38,0.35340163111686707
7328,56715,24,0.3522389233112335
6394,56330,478,0.36100104451179504
6392,56331,20,0.36380985379219055
7325,56717,466,0.35951700806617737
8278,56990,145,0.36102908849716187
3807,55511,602,0.3554877042770386
8278,56990,147,0.3596336841583252
5162,55893,979,0.4327710270881653
8280,57061,690,0.30776190757751465
8280,57061,688,0.3075907528400421
8280,57061,383,0.3047039210796356
8280,57061,385,0.30461692810058594
8280,57061,381,0.3074892461299896
8280,57061,386,0.30227312445640564
4604,55983,720,0.4409782290458679
8296,57375,673,0.4400888979434967
4604,55983,749,0.4356047809123993
7315,56685,563,0.4024384915828705
8190,57448,724,0.308582067489624
8190,57448,784,0.30903884768486023
7087,56637,422,0.3090868294239044
4603,55999,934,0.36475804448127747
8297,57416,869,0.362545371055603
8297,57416,918,0.35974791646003723
8297,57416,871,0.35957902669906616
1201,52674,431,0.3636637330055237
8297,57416,870,0.3643719553947449
8297,57416,917,0.3592090308666229
1005,52703,256,0.35660651326179504
7329,56719,292,0.3958176076412201
7284,56683,708,0.3940730690956116
7316,56710,911,0.41609713435173035
5741,55980,424,0.40258145332336426
7308,56709,566,0.41383838653564453
7308,56709,565,0.4012780487537384
7316,56710,916,0.41379180550575256
7308,56709,570,0.4015647768974304
7449,56740,36,0.4056936502456665
8286,57062,341,0.356460839509964
8286,57062,351,0.35464638471603394
8286,57062,320,0.35851871967315674
8299,57346,919,0.43710964918136597
8299,57346,917,0.4450983703136444
4638,55956,107,0.4420795738697052
7384,56715,860,0.33424103260040283
7384,56715,854,0.33365941047668457
7385,56710,438,0.3348711431026459
7385,56710,476,0.33069515228271484
7385,56710,440,0.332628458738327
7384,56715,15,0.3869958817958832
7384,56715,30,0.3848128616809845
7385,56710,309,0.38682958483695984
7384,56715,20,0.3826810121536255
8288,57419,882,0.34095317125320435
8288,57419,924,0.33634769916534424
8288,57419,880,0.3343387246131897
8288,57419,878,0.3419904410839081
8288,57419,864,0.3343363106250763
8288,57419,918,0.3369157910346985
8288,57419,872,0.34328174591064453
8288,57419,914,0.332683265209198
8302,57389,856,0.3649650514125824
8302,57389,845,0.36497583985328674
8302,57389,847,0.36657384037971497
8302,57389,818,0.3640170097351074
8302,57389,849,0.3622661828994751
8302,57389,860,0.3631833791732788
4557,55588,80,0.41831380128860474
8363,58140,977,0.42048323154449463
8363,58140,975,0.41806504130363464
7392,56992,251,0.39103683829307556
7393,56749,658,0.44882655143737793
8362,57732,404,0.33544838428497314
8362,57732,425,0.34164735674858093
8362,57732,428,0.33716118335723877
7402,56810,454,0.4442715346813202
6678,56401,427,0.44146859645843506
6678,56401,391,0.4441395699977875
7398,56781,839,0.31341829895973206
7402,56810,438,0.3167246878147125
7402,56810,390,0.31568506360054016
7398,56781,834,0.3167163133621216
8370,57732,77,0.3087754547595978
8370,57732,72,0.3100161552429199
8370,57520,72,0.31511592864990234
8370,57732,79,0.3071478009223938
8370,57520,114,0.3174157440662384
1367,53083,226,0.3919796049594879
8370,57520,442,0.3907932937145233
6639,56385,68,0.36461424827575684
8382,57513,633,0.36963364481925964
8382,57513,636,0.3780501186847687
8382,57513,638,0.37791040539741516
8382,57513,680,0.3730785846710205
8381,57512,648,0.3067554831504822
4698,55623,918,0.3050817847251892
6639,56385,498,0.3089083433151245
7422,56799,550,0.43470945954322815
8374,57783,604,0.360923171043396
4705,55705,750,0.36340904235839844
8383,57518,713,0.3781580328941345
8383,57518,674,0.3798646032810211
6639,56385,30,0.3346472680568695
8382,57513,725,0.33553436398506165
7413,56769,415,0.33835771679878235
7416,56810,60,0.34253159165382385
7417,56753,903,0.33617761731147766
7416,56810,57,0.34458911418914795
7413,56769,657,0.3376542925834656
7413,56769,376,0.3466300666332245
7417,56753,906,0.33092525601387024
7413,56769,373,0.33412015438079834
7416,56810,55,0.33934664726257324
6635,56370,876,0.37442436814308167
7416,56810,365,0.37753358483314514
1455,53089,10,0.37350550293922424
7420,56753,972,0.37324491143226624
7417,56753,647,0.37770068645477295
7417,56753,646,0.3739268481731415
1457,53116,320,0.3747745454311371
6635,56370,874,0.37519925832748413
6635,56370,879,0.3756180703639984
8384,57513,827,0.4427837133407593
8384,57513,822,0.44684797525405884
8384,57513,828,0.44620805978775024
8385,57511,752,0.4042224586009979
8385,57511,750,0.4081009030342102
8385,57511,746,0.40662476420402527
6625,56386,738,0.37075796723365784
7408,56780,853,0.37880849838256836
1463,53063,350,0.3648468554019928
7409,56809,202,0.3723807632923126
7408,56780,855,0.3691677153110504
7408,56780,851,0.3658962547779083
7409,56809,208,0.377663254737854
6624,56385,463,0.35457590222358704
7413,56769,50,0.35266509652137756
7414,56748,688,0.35237783193588257
7414,56748,686,0.3504504859447479
7413,56769,48,0.35035812854766846
7414,56748,46,0.3931969404220581
7414,56748,49,0.3893459141254425
8377,57783,297,0.3421950340270996
8377,57783,298,0.3456020951271057
8377,57783,256,0.3431273400783539
8378,57785,162,0.37867218255996704
8378,57785,164,0.3745465874671936
8378,57785,54,0.37433257699012756
8390,57485,555,0.3076736032962799
8389,57488,960,0.3042580783367157
8389,57488,921,0.30230334401130676
8389,57488,961,0.3100542426109314
7407,56772,35,0.3157801628112793
7429,56740,470,0.316852331161499
7407,56772,37,0.31408801674842834
7429,56740,422,0.3178889751434326
6628,56366,508,0.3164312541484833
7407,56772,36,0.3193491995334625
7407,56772,39,0.31825870275497437
1465,53082,275,0.3176313638687134
7429,56740,467,0.3156753182411194
8502,57512,771,0.4154888987541199
6060,56074,196,0.4110974371433258
8502,57512,812,0.4135742485523224
8502,57512,650,0.3782320022583008
8502,57512,652,0.37379753589630127
8502,57512,611,0.37988799810409546
6060,56074,348,0.37979796528816223
8502,57512,655,0.37736788392066956
8434,57484,366,0.4082392752170563
8495,57481,540,0.35171496868133545
8495,57481,536,0.35178065299987793
8500,57432,120,0.43869274854660034
8500,57432,155,0.4391777217388153
6056,56092,596,0.4363957345485687
8500,57432,146,0.4409520626068115
8500,57432,496,0.39008745551109314
8502,57512,562,0.3948808014392853
6737,56365,662,0.3597390651702881
8489,57483,712,0.3597742021083832
8433,57488,41,0.36061131954193115
8489,57483,702,0.3591647148132324
8489,57483,254,0.37920108437538147
8490,57104,545,0.37373366951942444
8489,57483,250,0.3774554431438446
8490,57104,550,0.37686416506767273
8489,57483,214,0.3767872452735901
8490,57104,543,0.3803759515285492
7103,56661,444,0.4090917408466339
8184,57426,528,0.4067416489124298
8184,57426,522,0.4102051556110382
7103,56661,443,0.4102237820625305
8184,57426,530,0.41208693385124207
8184,57426,566,0.40970832109451294
8496,58159,170,0.4218715727329254
8496,58159,173,0.4159252643585205
8493,58162,713,0.3548017740249634
8518,58193,386,0.32617706060409546
8519,58198,52,0.33333471417427063
8519,58198,50,0.33401501178741455
8515,58192,454,0.33426353335380554
8522,58193,998,0.37305644154548645
8520,58191,508,0.31054916977882385
8522,58193,925,0.30872052907943726
8522,58193,924,0.3144908547401428
8520,58191,510,0.3154562711715698
8522,58193,927,0.3130384683609009
8516,58220,552,0.38314396142959595
8520,58191,974,0.3767584264278412
5164,56067,878,0.3796234726905823
8520,58191,979,0.37947121262550354
8516,58220,541,0.3823759853839874
8507,57878,952,0.34570834040641785
8534,57905,48,0.29777252674102783
6029,56099,408,0.3016897141933441
8534,57905,45,0.30178219079971313
8541,58257,517,0.3978194296360016
8541,58257,509,0.399087518453598
8543,57542,55,0.39959415793418884
8541,58257,508,0.3975834846496582
8538,57549,218,0.38219723105430603
6319,56452,63,0.38304510712623596
8541,58257,387,0.35716068744659424
627,52144,179,0.3584337830543518
8540,58287,104,0.36038416624069214
8540,58287,111,0.3589576780796051
8540,58287,937,0.36121103167533875
8537,58014,390,0.33163103461265564
8537,58014,423,0.3300916850566864
8524,57656,984,0.33385521173477173
8537,58014,412,0.3326858878135681
8538,57549,46,0.3725316822528839
8535,58019,790,0.37853163480758667
6025,56098,762,0.37454795837402344
9354,57806,593,0.3413600027561188
9368,57817,165,0.3455846607685089
543,52017,208,0.3393247723579407
9368,57817,102,0.34110674262046814
9368,57817,106,0.3422324061393738
9354,57806,632,0.3405603766441345
9354,57806,672,0.3437729477882385
9368,57817,104,0.3455371856689453
3791,55501,754,0.34267839789390564
10656,58163,989,0.4276566803455353
9369,58054,283,0.30097833275794983
9366,57746,908,0.3000124394893646
9366,57746,910,0.2984248697757721
9369,58054,289,0.3005996346473694
543,52017,339,0.3354218602180481
9368,57817,192,0.334873229265213
9368,57817,199,0.33612412214279175
9368,57817,233,0.3361009359359741
8292,57373,132,0.37684205174446106
8292,57373,128,0.3675804138183594
8292,57373,86,0.3680010437965393
8292,57373,83,0.36822205781936646
3803,55513,465,0.3715616464614868
9360,58055,638,0.3651914596557617
9360,58055,591,0.3649979829788208
9360,58055,626,0.37350544333457947
9360,58055,588,0.3693671226501465
9360,58055,632,0.3632507026195526
9360,58055,896,0.3718889355659485
9360,58055,961,0.3735411763191223
9360,58055,845,0.3672667443752289
545,52202,7,0.3652711808681488
9360,58055,846,0.3676080107688904
9360,58055,780,0.36919498443603516
9360,58055,769,0.3728531002998352
544,52201,587,0.3643196225166321
9360,58055,435,0.37214791774749756
9357,57807,974,0.36588773131370544
9360,58055,436,0.36747172474861145
9361,58055,393,0.31540772318840027
9359,58056,862,0.3111429214477539
9361,58055,386,0.3142162263393402
9359,58056,824,0.3176950216293335
9359,58056,870,0.3099794089794159
9359,58056,871,0.31289777159690857
9359,58056,865,0.3107072710990906
9359,58056,864,0.31142550706863403
9361,58055,357,0.3098899722099304
9368,57817,1000,0.38613414764404297
3800,55486,676,0.3825150728225708
9357,57807,413,0.3734389543533325
9357,57807,324,0.38059720396995544
9356,57809,555,0.37276312708854675
8827,57444,607,0.4013237953186035
8827,57444,612,0.4080583453178406
8827,57444,652,0.40878117084503174
894,52615,373,0.405941903591156
894,52615,331,0.4049352705478668
8827,57444,609,0.404842734336853
3761,55272,718,0.40139541029930115
8857,57449,994,0.3805968165397644
4641,55947,651,0.450221449136734
8297,57416,140,0.44723355770111084
8297,57416,178,0.4439462423324585
8296,57375,289,0.4180524945259094
8860,57458,603,0.4134442210197449
8860,57458,679,0.4120481312274933
8860,57458,645,0.40722301602363586
8860,57458,646,0.41935059428215027
8860,57458,637,0.4184107780456543
8860,57458,643,0.42097899317741394
8860,57458,680,0.4046730697154999
8860,57458,639,0.41438841819763184
8860,57458,635,0.4128310978412628
8860,57458,633,0.41476964950561523
8298,57390,533,0.433013379573822
8297,57416,38,0.42559513449668884
4641,55947,752,0.4330873191356659
8298,57390,537,0.42840659618377686
4642,55926,659,0.3724041283130646
8862,57461,546,0.3735274076461792
8862,57461,551,0.37957119941711426
8831,57448,108,0.37837013602256775
8863,57724,200,0.44002944231033325
8863,57724,198,0.43552178144454956
4575,55590,710,0.44048774242401123
4574,55621,41,0.4332449436187744
1276,53035,267,0.43528178334236145
8863,57724,856,0.4315055012702942
8833,57779,902,0.3371885418891907
8825,57451,336,0.44709908962249756
8825,57451,335,0.4382258951663971
8302,57389,46,0.44444069266319275
4562,55570,875,0.4446437656879425
8302,57389,42,0.4374186396598816
4633,55620,642,0.38476642966270447
8364,58138,321,0.3829701840877533
8824,58162,272,0.3427484333515167
4558,55569,291,0.3392595946788788
8824,58162,280,0.33441659808158875
8824,58162,316,0.3369971513748169
4558,55569,298,0.3378811478614807
8824,58162,274,0.3321055769920349
8824,58162,276,0.34153634309768677
8822,58167,474,0.4487164318561554
1432,53003,282,0.4441176950931549
4559,55597,905,0.44985678791999817
8822,58167,478,0.4429979920387268
8824,58162,8,0.44564297795295715
8824,58162,222,0.3609396815299988
8824,58162,336,0.3205539584159851
8855,57780,944,0.3179944157600403
8855,57780,943,0.32183367013931274
8824,58162,335,0.315327525138855
8855,57780,948,0.3195931017398834
8855,57780,754,0.42160308361053467
8855,57780,755,0.42014485597610474
8855,57780,756,0.42758387327194214
4563,55617,780,0.4207346737384796
8855,57780,713,0.42592838406562805
1973,53432,517,0.44379478693008423
8853,57459,820,0.4450598359107971
8366,57432,426,0.32243967056274414
8366,57432,394,0.31819164752960205
4624,55654,260,0.324466735124588
1437,53046,352,0.32358983159065247
8366,57432,398,0.32299935817718506
8366,57432,386,0.32428058981895447
8821,57731,905,0.37550467252731323
8821,57731,638,0.382741242647171
2007,53474,92,0.37723690271377563
8821,57731,139,0.3805884122848511
4630,55623,846,0.37820836901664734
8821,57731,140,0.38894814252853394
8821,57731,137,0.3822796046733856
8851,57460,906,0.32636570930480957
8853,57459,34,0.44486722350120544
8368,57431,109,0.4442373514175415
8368,57431,71,0.44883790612220764
8367,57429,103,0.3400990068912506
8367,57429,104,0.34231439232826233
8367,57429,102,0.3413505256175995
8367,57429,106,0.3413132131099701
8820,57449,959,0.31332048773765564
8820,57449,955,0.3141624927520752
8819,57450,16,0.3675798177719116
8844,57424,474,0.3677479028701782
8819,57450,19,0.37148454785346985
8819,57450,18,0.36803171038627625
8874,57426,623,0.34595760703086853
8844,57424,219,0.3439692556858063
8874,57426,636,0.34741124510765076
4648,55673,518,0.34596529603004456
8844,57424,216,0.3451247811317444
2037,53446,616,0.34529703855514526
8844,57424,208,0.34719735383987427
2037,53446,618,0.34784454107284546
8874,57426,622,0.34337326884269714
8844,57424,217,0.34713906049728394
8874,57426,664,0.3465282917022705
8844,57424,331,0.3451172411441803
8874,57426,548,0.3488902747631073
4617,55617,226,0.3422658145427704
8874,57426,553,0.344362735748291
8381,57512,692,0.3252296447753906
8381,57512,731,0.32521960139274597
8381,57512,737,0.3216780424118042
8381,57512,697,0.3270682096481323
8381,57512,736,0.32197046279907227
8381,57512,733,0.32670119404792786
8381,57512,738,0.32656654715538025
4698,55623,892,0.38090065121650696
8381,57512,620,0.38223960995674133
1970,53386,407,0.3852114677429199
1970,53386,11,0.41895338892936707
8841,57425,536,0.4158926010131836
8842,57424,16,0.41319164633750916
8842,57424,18,0.4221479892730713
4652,55672,880,0.41503047943115234
8872,57422,822,0.41099265217781067
8384,57513,347,0.30670517683029175
8384,57513,357,0.3077259957790375
8384,57513,353,0.3084891736507416
8384,57513,355,0.30588021874427795
8384,57513,313,0.3089360296726227
8384,57513,358,0.30594679713249207
8384,57513,351,0.30811741948127747
8834,57458,748,0.3135063052177429
8834,57458,711,0.310224324464798
8834,57458,758,0.31416958570480347
8834,57458,544,0.3088452219963074
6632,56366,155,0.3080155849456787
6632,56366,118,0.3077421486377716
6632,56366,158,0.304999440908432
6632,56366,149,0.2989440858364105
8834,57458,546,0.30777063965797424
6632,56366,154,0.30074602365493774
1986,53475,359,0.29947686195373535
6632,56366,141,0.3023838698863983
6632,56366,114,0.30145153403282166
8834,57458,585,0.3029187023639679
1986,53475,53,0.3728872537612915
8835,57427,579,0.3810788691043854
8835,57427,580,0.38382455706596375
8834,57458,997,0.3748731315135956
3967,55704,198,0.386200875043869
8835,57427,454,0.38719603419303894
8835,57427,460,0.3782312870025635
8834,57458,978,0.37939128279685974
8834,57458,976,0.37692365050315857
8835,57427,578,0.3778878152370453
8835,57427,458,0.3746868371963501
8864,57428,744,0.40446576476097107
8864,57428,708,0.4014923870563507
2108,53473,279,0.40777114033699036
4649,55621,508,0.39973941445350647
8864,57428,748,0.39695626497268677
8864,57428,741,0.4055759906768799
8841,57425,163,0.40967637300491333
8864,57428,716,0.4003028869628906
8841,57425,213,0.4080750644207001
8866,57457,979,0.375138521194458
2003,53442,591,0.37559774518013
8867,57460,485,0.37539979815483093
8866,57457,969,0.38004738092422485
8865,57426,148,0.37075647711753845
8866,57457,518,0.36131030321121216
8865,57426,150,0.36905166506767273
4613,55591,878,0.37294745445251465
8866,57457,538,0.3704761564731598
8866,57457,533,0.36337533593177795
8865,57426,147,0.36985650658607483
8865,57426,113,0.3705068826675415
8866,57457,539,0.36305952072143555
4613,55591,833,0.37322986125946045
8866,57457,536,0.3620176911354065
8866,57457,520,0.3655576705932617
8836,57424,788,0.3611988425254822
8836,57424,793,0.36120474338531494
8836,57424,784,0.35421523451805115
8836,57424,790,0.35794389247894287
8836,57424,754,0.3638448119163513
8836,57424,794,0.35709279775619507
8835,57427,109,0.3713870048522949
8868,57781,486,0.36725836992263794
8867,57460,34,0.3694330155849457
8867,57460,32,0.37051355838775635
8867,57460,33,0.37384873628616333
8868,57781,490,0.3688414990901947
8868,57781,487,0.37624794244766235
8387,57483,724,0.3274477422237396
8387,57483,731,0.3228292465209961
4704,55681,896,0.32738766074180603
8387,57483,733,0.3296540379524231
8387,57483,730,0.3285985589027405
8387,57483,736,0.32435140013694763
8386,57518,139,0.4120796024799347
8386,57518,93,0.407640278339386
8386,57518,94,0.41383907198905945
8386,57518,96,0.4140133261680603
4703,55617,64,0.40827783942222595
8386,57518,91,0.40943706035614014
1458,53119,187,0.34867915511131287
8387,57483,430,0.35464218258857727
8387,57483,428,0.3485674262046814
1458,53119,181,0.3416288495063782
4704,55681,240,0.3421592712402344
8387,57483,417,0.3394361734390259
8387,57483,386,0.3491399884223938
8387,57483,384,0.33820420503616333
4704,55681,60,0.3789592385292053
8387,57483,119,0.3777819275856018
8387,57483,118,0.3846774995326996
4706,55705,688,0.3799991309642792
8387,57483,116,0.3745439946651459
8387,57483,120,0.3777104616165161
8838,57870,266,0.3796250820159912
8838,57870,272,0.3726502060890198
8838,57870,270,0.3770109713077545
8838,57870,269,0.3712502717971802
8838,57870,267,0.37055015563964844
8838,57870,268,0.3756885826587677
8845,58159,484,0.425847589969635
8839,57846,939,0.423687219619751
8845,58159,460,0.42547890543937683
8839,57846,64,0.42285019159317017
1977,53475,212,0.42683881521224976
8845,58159,456,0.4268738627433777
3981,55603,156,0.43237581849098206
8839,57846,78,0.4277115762233734
1377,53050,403,0.4134775996208191
8391,57511,690,0.41763541102409363
8389,57488,99,0.3208301365375519
8390,57485,470,0.32131126523017883
8390,57485,462,0.3224347233772278
4707,55653,978,0.3209710121154785
8389,57488,100,0.3224906623363495
8389,57488,94,0.3189204931259155
8846,57428,34,0.307388037443161
8847,57429,344,0.3029443025588989
4709,55720,406,0.29449528455734253
4709,55720,404,0.30403393507003784
4709,55720,405,0.29475897550582886
8846,57428,37,0.2963756322860718
8847,57429,390,0.30460530519485474
8847,57429,386,0.30144044756889343
8847,57429,392,0.3052906095981598
8846,57428,25,0.3040771484375
8847,57429,382,0.29472047090530396
8847,57429,381,0.3024936318397522
8846,57428,27,0.2944037616252899
4709,55720,409,0.30782315135002136
8847,57429,384,0.30519387125968933
8845,58159,95,0.4487566649913788
8876,57783,723,0.3838714063167572
8876,57783,724,0.3835197389125824
8876,57783,722,0.38086748123168945
8876,57783,728,0.3853857219219208
8504,57518,218,0.39080435037612915
8504,57518,219,0.379903107881546
8504,57518,182,0.38347020745277405
8504,57518,186,0.3832504153251648
8504,57518,210,0.379923552274704
8504,57518,216,0.37657758593559265
8504,57518,222,0.3828620910644531
5169,56045,994,0.3825332522392273
8504,57518,411,0.42752233147621155
8504,57518,406,0.4286401867866516
10760,58224,987,0.3290081322193146
10756,58226,463,0.32516583800315857
3855,55268,946,0.326643705368042
1643,53143,535,0.33137017488479614
10760,58224,993,0.32509899139404297
10756,58226,467,0.3278319239616394
10756,58226,472,0.3244153559207916
10760,58224,1000,0.3318215310573578
10749,58485,660,0.404364675283432
8237,58162,919,0.3410685062408447
6969,56420,637,0.34183040261268616
8237,58162,920,0.3475307822227478
1382,53115,22,0.34237170219421387
10750,58199,182,0.3402804434299469
10750,58199,186,0.3399740159511566
10751,58220,546,0.3404955565929413
10750,58199,162,0.33769476413726807
1383,53116,398,0.3371998965740204
10751,58220,544,0.3401951491832733
11649,58514,576,0.3389146625995636
6054,56089,250,0.34251824021339417
8494,57104,970,0.3406547009944916
11649,58514,571,0.3388141989707947
8494,57104,102,0.3416804373264313
8494,57104,113,0.34287577867507935
5167,56066,876,0.39451664686203003
8494,57104,412,0.34163737297058105
8494,57104,363,0.33725279569625854
10748,58224,866,0.34284213185310364
10748,58224,825,0.34663164615631104
10748,58224,864,0.337864488363266
8494,57104,406,0.3501194715499878
8494,57104,403,0.34298810362815857
10750,58199,10,0.37412822246551514
10750,58199,15,0.3709663450717926
1351,52790,290,0.36577221751213074
5174,56047,314,0.3654320538043976
10750,58199,33,0.3642937242984772
10748,58224,434,0.3693163990974426
10750,58199,34,0.36807769536972046
10748,58224,433,0.3734509348869324
10748,58224,431,0.3733710050582886
10748,58224,432,0.36892151832580566
10750,58199,32,0.37334054708480835
5174,56047,312,0.37284302711486816
10746,58257,814,0.36386412382125854
10746,58257,809,0.3722393214702606
10746,58257,770,0.36990782618522644
10746,58257,811,0.36313048005104065
10747,58220,910,0.33193907141685486
10745,58277,281,0.3348509967327118
10745,58277,283,0.3353361189365387
10745,58277,242,0.33044368028640747
10747,58220,914,0.33278608322143555
8521,58175,270,0.30607348680496216
8521,58175,276,0.30624324083328247
4977,56047,841,0.428901344537735
10743,58222,20,0.3336107134819031
4978,56036,664,0.3338642418384552
10741,58230,577,0.3306877017021179
10741,58230,579,0.3340940475463867
10743,58222,991,0.3292212188243866
10741,58230,580,0.33518943190574646
10743,58222,19,0.3336842656135559
10734,58280,955,0.38206931948661804
8528,57896,362,0.3809817135334015
8528,57896,406,0.38795262575149536
8528,57896,408,0.38066861033439636
10733,58244,471,0.41532403230667114
10733,58244,468,0.41618019342422485
10733,58244,467,0.4104345142841339
8524,57656,432,0.4074011445045471
6045,56072,312,0.4072333574295044
6045,56072,314,0.40473079681396484
8524,57656,387,0.4040815234184265
8524,57656,392,0.40846914052963257
10733,58244,946,0.39359936118125916
10730,58244,300,0.38793817162513733
10731,58247,712,0.37752243876457214
10729,58248,242,0.3955366015434265
10731,58247,958,0.3954245150089264
10731,58247,960,0.39356276392936707
8530,58016,910,0.412011981010437
8533,58017,107,0.40856441855430603
8530,58016,844,0.3920179009437561
631,52079,100,0.39423689246177673
8533,58017,164,0.39162158966064453
8533,58017,202,0.3946916162967682
8530,58016,846,0.3924189507961273
8530,58016,616,0.33480432629585266
6038,56090,281,0.32445451617240906
10728,58248,702,0.3133324086666107
8529,58013,326,0.3175414204597473
10720,58250,774,0.40866807103157043
8545,58041,376,0.4402434229850769
8545,58041,377,0.44718819856643677
10762,58390,661,0.3771490156650543
10762,58390,669,0.3722333014011383
10762,58390,270,0.31780195236206055
10762,58390,267,0.31496331095695496
10762,58390,269,0.3216477036476135
7747,58398,994,0.31441932916641235
7131,56570,642,0.3155057728290558
7747,58398,16,0.30942457914352417
7743,58107,480,0.3128187656402588
7743,58107,518,0.3136745095252991
7743,58107,539,0.3071250915527344
7747,58398,998,0.31178513169288635
7747,58398,1000,0.30771052837371826
7743,58107,493,0.30965033173561096
7747,58398,999,0.31409475207328796
7747,58398,997,0.307580828666687
7743,58107,495,0.3067283630371094
7744,58396,757,0.36711210012435913
7744,58396,715,0.36894431710243225
7748,58396,873,0.34178414940834045
7748,58396,868,0.3384067118167877
7748,58396,872,0.33890607953071594
7744,58396,645,0.30099886655807495
7744,58396,693,0.29973235726356506
7129,56569,798,0.3010982573032379
7131,56570,362,0.3030974268913269
6835,56420,742,0.34623995423316956
6835,56420,757,0.3408029079437256
6835,56420,796,0.34602099657058716
957,52398,547,0.3455931544303894
6835,56420,752,0.3513530492782593
6835,56420,754,0.3471534550189972
7725,58158,552,0.334198921918869
7722,58425,996,0.329203724861145
6594,56272,299,0.3388071358203888
7722,58425,995,0.3369349241256714
6594,56272,296,0.3375135660171509
7725,58158,554,0.3341662883758545
6594,56272,298,0.33342739939689636
6594,56272,297,0.33194589614868164
7722,58425,982,0.34111279249191284
7725,58158,556,0.32947230339050293
6594,56272,290,0.34096217155456543
6594,56272,295,0.33035218715667725
7722,58425,999,0.326803982257843
6594,56272,289,0.3296768367290497
6602,56571,920,0.38143423199653625
7732,58108,549,0.38099682331085205
6597,56304,866,0.41429734230041504
6597,56304,868,0.4138399362564087
7726,58154,239,0.4187530279159546
6597,56304,912,0.41495612263679504
7726,58154,279,0.4151836633682251
6597,56304,870,0.4192950129508972
7735,58136,927,0.32060471177101135
7735,58136,930,0.32311657071113586
7735,58136,965,0.3220483660697937
7738,58100,860,0.30718573927879333
7738,58100,195,0.3066529631614685
7738,58100,160,0.3047342598438263
9364,57699,380,0.3053887188434601
9364,57699,377,0.3041050434112549
9364,57699,378,0.3002283573150635
9364,57699,419,0.30877405405044556
9364,57699,372,0.30088311433792114
9364,57699,374,0.3015448749065399
10292,58113,966,0.4166567921638489
10292,58113,985,0.40446367859840393
10292,58113,974,0.41435879468917847
10293,58132,568,0.41169169545173645
10293,58132,562,0.418063223361969
10292,58113,988,0.41667965054512024
10292,58113,969,0.4210497736930847
3756,55505,210,0.4105433225631714
10293,58132,613,0.409919410943985
10292,58113,967,0.41242337226867676
10292,58113,987,0.41366663575172424
10293,58132,566,0.41757383942604065
9358,57749,208,0.34255102276802063
10233,58130,558,0.3381027281284332
4447,55542,909,0.44723594188690186
4446,55589,466,0.44404998421669006
10662,58158,710,0.4493267238140106
4447,55542,920,0.4404286742210388
10662,58158,712,0.447579026222229
10662,58158,759,0.4449158012866974
10240,58158,240,0.32369938492774963
10240,58158,236,0.3292309641838074
10240,58158,233,0.32522299885749817
10240,58158,273,0.322041392326355
10240,58158,274,0.325539767742157
10236,58154,225,0.33511972427368164
10236,58154,228,0.3352459669113159
10236,58154,198,0.3348165452480316
10238,58155,91,0.3504721224308014
1271,52974,34,0.3457086682319641
10238,58155,82,0.35214823484420776
5812,56354,281,0.34310659766197205
10238,58155,93,0.35192716121673584
4576,55592,164,0.38258668780326843
10244,58225,860,0.38582125306129456
1592,52990,349,0.34594210982322693
10240,58158,970,0.34468287229537964
10230,58224,739,0.3617820739746094
10230,58224,695,0.3622943162918091
10230,58224,696,0.3565310835838318
10230,58224,737,0.352986216545105
10230,58224,58,0.3963859975337982
1948,53388,119,0.39295849204063416
5793,56337,230,0.39833036065101624
5793,56337,206,0.3949469029903412
10232,58223,454,0.3914036154747009
10232,58223,460,0.39205822348594666
11380,58462,711,0.30988216400146484
11380,58462,715,0.3091248869895935
11382,58456,15,0.41135042905807495
11383,58485,620,0.40733373165130615
10274,58170,824,0.37094447016716003
10274,58170,828,0.3687126040458679
8853,57459,464,0.3632708191871643
10274,58170,822,0.3647046387195587
8853,57459,482,0.36754634976387024
8855,57780,55,0.36783266067504883
2354,53799,404,0.3168422281742096
11383,58485,734,0.32022517919540405
11383,58485,763,0.3183077573776245
11383,58485,735,0.3181031346321106
10272,58172,247,0.4376394748687744
10272,58172,250,0.4511713981628418
10271,58497,970,0.45266860723495483
10272,58172,248,0.43418270349502563
10271,58497,972,0.43995290994644165
10271,58497,974,0.4437865912914276
6447,56362,807,0.4363342523574829
10272,58172,254,0.44449520111083984
10271,58497,980,0.4534343481063843
10271,58497,978,0.4366909861564636
10272,58172,252,0.4473522901535034
1982,53436,603,0.4510919153690338
10272,58172,245,0.44178441166877747
10271,58497,601,0.44424575567245483
6447,56362,520,0.44402876496315
11385,58523,945,0.4336145520210266
11385,58523,952,0.4315354526042938
11386,58514,552,0.43664950132369995
6448,56365,494,0.3636482059955597
11383,58485,998,0.3610314726829529
11383,58485,978,0.3575654625892639
11384,58522,571,0.3622586727142334
11384,58522,614,0.35233861207962036
10268,58487,719,0.3804963529109955
10268,58487,753,0.3789619207382202
10268,58487,759,0.3811691403388977
10268,58487,721,0.38447749614715576
6440,56370,741,0.44051018357276917
10266,58462,878,0.4310813844203949
6440,56370,743,0.4375126361846924
10266,58462,871,0.43087872862815857
2107,53786,323,0.4372718334197998
10266,58462,920,0.4364997446537018
10268,58487,193,0.4479157328605652
11387,58512,673,0.4374605417251587
11387,58512,678,0.43561285734176636
10264,58162,696,0.40139415860176086
10264,58162,694,0.4020680785179138
10264,58162,693,0.4046904444694519
8873,57427,446,0.36780688166618347
10264,58162,40,0.31426799297332764
10264,58162,80,0.3149203956127167
10264,58162,38,0.31805554032325745
10264,58162,32,0.3181565999984741
8864,57428,96,0.3097588121891022
10245,58161,768,0.3080310523509979
10245,58161,964,0.3221451938152313
8865,57426,398,0.32675471901893616
4613,55591,228,0.3602791428565979
10246,58171,586,0.3648621141910553
10246,58171,590,0.362864226102829
10246,58171,588,0.3575837016105652
10246,58171,984,0.3432302474975586
10247,58162,616,0.3433553874492645
3966,55571,280,0.34452784061431885
10249,58229,636,0.3510989546775818
10247,58162,70,0.3507132828235626
3966,55571,133,0.447772353887558
10247,58162,220,0.4488076865673065
10247,58162,332,0.33962950110435486
10247,58162,375,0.3413577079772949
10247,58162,334,0.33727049827575684
11396,58490,843,0.30650219321250916
11396,58490,844,0.3046096861362457
11396,58490,842,0.3038879334926605
6479,56364,54,0.30377352237701416
1975,53734,291,0.30821651220321655
11396,58490,845,0.3045101761817932
10248,58220,714,0.3798280656337738
8869,57481,472,0.4203495681285858
2022,53827,74,0.4197710454463959
8869,57481,475,0.42625659704208374
8868,57781,82,0.4197666347026825
8869,57481,471,0.42262014746665955
8869,57481,492,0.42583757638931274
8868,57781,83,0.4269041121006012
10248,58220,760,0.39017200469970703
10248,58220,729,0.38948190212249756
3973,55323,456,0.39076927304267883
10248,58220,724,0.3938392996788025
10248,58220,147,0.33181139826774597
10248,58220,145,0.3333643972873688
10250,58472,502,0.3320104777812958
10250,58472,287,0.4238460063934326
10250,58472,282,0.41789308190345764
10250,58472,281,0.42694300413131714
1994,53845,338,0.4214456081390381
2029,53819,351,0.3995997905731201
10254,58514,892,0.42248788475990295
10254,58514,898,0.4230199158191681
10254,58514,895,0.4231015145778656
10253,58487,304,0.31964796781539917
6487,56362,863,0.4356285333633423
10253,58487,290,0.4471519887447357
10253,58487,282,0.44816306233406067
6492,56362,557,0.3163268566131592
11401,58491,770,0.30938613414764404
6492,56362,536,0.31897640228271484
6492,56362,527,0.314588725566864
6492,56362,534,0.32478442788124084
11401,58491,774,0.31486621499061584
11401,58491,773,0.3066595196723938
6492,56362,496,0.3221968412399292
6492,56362,555,0.3109494149684906
11401,58491,631,0.30769696831703186
8878,57785,190,0.39022737741470337
8878,57785,186,0.3902420699596405
8878,57785,188,0.3878873586654663
6496,56363,686,0.4307920038700104
10751,58220,522,0.3515144884586334
10754,58224,982,0.35544395446777344
10751,58220,553,0.3505326807498932
10751,58220,524,0.3520229458808899
10754,58224,962,0.3537749946117401
1645,53172,569,0.369989812374115
10757,58223,987,0.37456968426704407
10757,58223,992,0.37360748648643494
4714,56041,218,0.3731895685195923
10754,58224,602,0.3728371858596802
10938,58514,727,0.43881678581237793
10938,58514,784,0.44190338253974915
10938,58514,786,0.4398033618927002
10938,58514,134,0.34822604060173035
10747,58220,69,0.3577933609485626
10747,58220,67,0.3536141812801361
10747,58220,166,0.36344826221466064
1384,53121,102,0.3587890863418579
10747,58220,164,0.3637692630290985
10747,58220,180,0.36063069105148315
10746,58257,325,0.3476406931877136
10746,58257,323,0.3463924825191498
10742,58198,971,0.3123078942298889
1416,52875,355,0.31271857023239136
10740,58223,519,0.3112412095069885
10742,58198,966,0.31219208240509033
10742,58198,923,0.3115895688533783
10740,58223,591,0.3329601287841797
10742,58198,991,0.3349556028842926
10740,58223,585,0.3309811055660248
4975,56037,788,0.3490597903728485
10742,58198,480,0.34101971983909607
10742,58198,478,0.3439486622810364
10744,58199,9,0.3412151336669922
10744,58199,14,0.33958274126052856
4978,56036,41,0.33801427483558655
10744,58199,7,0.3487247824668884
10742,58198,439,0.34191957116127014
10742,58198,435,0.3462006747722626
10742,58198,433,0.3361310362815857
10925,58271,861,0.3349061906337738
4975,56037,266,0.3282674252986908
10925,58271,862,0.3294637203216553
1355,52823,392,0.34100955724716187
10925,58271,868,0.33721476793289185
10925,58271,881,0.3417046070098877
4961,55719,906,0.3845488429069519
10912,58253,566,0.3841662108898163
10912,58253,562,0.3814372420310974
10912,58253,567,0.38108205795288086
10731,58247,328,0.4003245234489441
10727,58197,942,0.4021033048629761
10731,58247,368,0.4018095135688782
10910,58254,236,0.3805530071258545
10910,58254,231,0.3950016498565674
10910,58254,195,0.39905020594596863
10910,58254,196,0.38812577724456787
1058,52520,550,0.4154181182384491
10913,58256,982,0.41587361693382263
10913,58256,984,0.41694462299346924
4955,55750,965,0.4119371175765991
10912,58253,235,0.3853362202644348
10912,58253,238,0.3852982521057129
10914,58257,378,0.37014302611351013
10919,58255,945,0.3608098328113556
10919,58255,946,0.3681795001029968
1340,52781,377,0.37075045704841614
10911,58256,776,0.4463815987110138
974,52427,349,0.3412174582481384
10901,58397,708,0.3398153483867645
10908,58392,2,0.33870768547058105
10902,58396,482,0.3356725573539734
10908,58392,3,0.3368639647960663
10902,58396,483,0.33498239517211914
10901,58397,706,0.33324185013771057
10908,58392,6,0.33781957626342773
10901,58397,745,0.3363902270793915
10723,58287,416,0.442900151014328
10723,58287,412,0.44021880626678467
10901,58397,890,0.44101089239120483
10901,58397,112,0.3296663165092468
10901,58397,118,0.32632702589035034
11653,58526,590,0.3303890824317932
10901,58397,117,0.3329809010028839
11653,58526,598,0.3300843834877014
4997,55738,20,0.41958320140838623
11654,58543,401,0.4237314760684967
4997,55738,13,0.42577046155929565
607,52368,225,0.41251662373542786
6813,56419,371,0.41094619035720825
7710,58284,963,0.42313122749328613
7710,58284,965,0.42205101251602173
11634,58484,557,0.4211503863334656
11634,58484,540,0.4270550310611725
6808,56443,780,0.32706624269485474
8393,57864,861,0.31543463468551636
8393,57864,908,0.3240257203578949
8393,57864,912,0.3188231885433197
8393,57864,906,0.3235768675804138
7764,58042,357,0.3824307918548584
7140,56569,674,0.41421616077423096
7756,58392,698,0.4254927933216095
7138,56572,177,0.35999730229377747
7766,58395,980,0.36336442828178406
7766,58395,973,0.3521527051925659
7766,58395,970,0.35698023438453674
7766,58395,921,0.3590892255306244
7766,58395,933,0.3575694262981415
7766,58395,971,0.35437676310539246
6500,56541,100,0.44409888982772827
6498,56565,377,0.4530121684074402
6498,56565,378,0.4453222453594208
7752,58072,988,0.44796061515808105
7143,56572,44,0.3109413981437683
7751,58081,768,0.3096751570701599
7752,58072,801,0.4215714633464813
7662,57358,304,0.37479954957962036
7662,57358,346,0.3631427586078644
6279,56243,809,0.35784244537353516
6279,56243,807,0.36572253704071045
7662,57358,338,0.3645913898944855
7662,57358,340,0.35862213373184204
7662,57358,342,0.3673834204673767
7742,58076,101,0.32938021421432495
7742,58076,110,0.327828586101532
7135,56564,872,0.33026665449142456
7133,56567,409,0.3341960310935974
7135,56564,876,0.3380502164363861
7133,56567,369,0.3366878926753998
7133,56567,372,0.32963326573371887
7695,57654,33,0.32217368483543396
7694,57359,482,0.32276859879493713
7694,57359,467,0.31912028789520264
7664,57367,670,0.4384026825428009
7664,57367,719,0.43451812863349915
7664,57367,671,0.4337412416934967
7695,57654,56,0.43700897693634033
7664,57367,668,0.4358619749546051
7666,57339,71,0.38115593791007996
7666,57339,30,0.3792301416397095
6513,56543,954,0.3854106664657593
7660,57357,505,0.3675040602684021
7660,57357,514,0.36397916078567505
7660,57357,518,0.36032915115356445
7662,57358,996,0.3689619302749634
7662,57358,995,0.36492297053337097
7660,57357,522,0.3660668730735779
7662,57358,14,0.3648546040058136
7660,57357,520,0.35964497923851013
7660,57357,525,0.36751386523246765
7662,57358,19,0.366603285074234
7660,57357,523,0.37187430262565613
7662,57358,16,0.35887014865875244
7661,57286,790,0.37257179617881775
7661,57286,792,0.3740676939487457
7660,57357,447,0.3745550513267517
7660,57357,482,0.3725956380367279
7661,57286,744,0.3693513870239258
6281,56295,660,0.3731609880924225
6281,56295,659,0.3732161521911621
7661,57286,748,0.37781453132629395
7662,57358,42,0.3723612427711487
7673,57329,224,0.44116103649139404
7680,58131,267,0.3225163221359253
7680,58131,312,0.3241904079914093
6278,56266,590,0.35295137763023376
7674,57359,263,0.36325162649154663
6253,56574,210,0.3565415143966675
7674,57359,224,0.35886070132255554
6253,56574,214,0.3667150139808655
7674,57359,223,0.3518770933151245
6253,56574,224,0.35771703720092773
7674,57359,261,0.3623204827308655
7676,57329,513,0.3231044113636017
7676,57329,514,0.31680628657341003
7673,57329,997,0.3194366991519928
7676,57329,515,0.32130172848701477
6278,56266,434,0.3153819441795349
6278,56266,430,0.3138241469860077
6286,56301,960,0.32627546787261963
7673,57329,996,0.3254969120025635
7673,57329,995,0.31577587127685547
7673,57329,994,0.3198433816432953
6286,56301,36,0.3164728283882141
6278,56266,438,0.31889379024505615
7673,57329,992,0.3181667625904083
6286,56301,954,0.3258165121078491
6286,56301,34,0.31828445196151733
7673,57329,998,0.32180285453796387
7727,58152,828,0.3013223707675934
6263,56279,34,0.3016051650047302
6262,56267,786,0.3028429448604584
6596,56331,458,0.30139070749282837
6596,56331,452,0.30429935455322266
6263,56279,30,0.3012324869632721
7727,58152,823,0.298795223236084
6263,56279,24,0.2972959578037262
6262,56267,781,0.2996143102645874
6267,56279,485,0.3797394037246704
7730,58107,127,0.3787430226802826
7686,57015,585,0.38027942180633545
7728,58138,250,0.3032926917076111
10290,58099,316,0.3165438175201416
10290,58099,358,0.3171936273574829
754,52232,434,0.3097040057182312
10290,58099,356,0.31304430961608887
6296,56219,946,0.339639812707901
6294,56482,415,0.33919134736061096
7652,57579,153,0.3461599051952362
7652,57579,156,0.34714311361312866
6294,56482,384,0.3390176296234131
7652,57579,143,0.3388684391975403
7652,57579,147,0.34215500950813293
6296,56219,943,0.34332558512687683
5125,55863,496,0.44638416171073914
5125,55863,491,0.44991788268089294
5125,55863,493,0.4474526345729828
4478,55600,725,0.3388957977294922
11108,58467,946,0.32722008228302
11108,58467,944,0.33578166365623474
11108,58467,950,0.3273167312145233
4478,55600,691,0.3398672044277191
11108,58467,947,0.3286675214767456
11108,58467,949,0.341154009103775
4478,55600,700,0.33732548356056213
7586,57186,535,0.3044027090072632
7583,56958,951,0.30073973536491394
7653,57306,73,0.4264748990535736
7587,57297,582,0.4355185925960541
7590,56944,888,0.3871942460536957
11042,58462,344,0.30518797039985657
11042,58462,303,0.3054511249065399
11042,58462,307,0.300748348236084
11042,58462,341,0.30170127749443054
6202,56266,274,0.3059811592102051
6202,56266,230,0.30342695116996765
11042,58462,302,0.30685099959373474
11068,58488,45,0.3282530605792999
11069,58456,625,0.331953227519989
11069,58456,668,0.33319592475891113
11068,58488,48,0.32991117238998413
11069,58456,662,0.33160656690597534
11069,58456,628,0.33659541606903076
11069,58456,630,0.33437371253967285
4551,55569,37,0.43733593821525574
4551,55569,61,0.44753187894821167
6806,56419,739,0.35289886593818665
8412,58172,898,0.34839755296707153
8412,58172,892,0.3484747111797333
8412,58172,935,0.36171457171440125
790,52441,605,0.3590540587902069
6806,56419,737,0.34835028648376465
8411,57875,820,0.32527855038642883
8417,58175,406,0.32091957330703735
8417,58175,444,0.3293714225292206
8411,57875,818,0.32871297001838684
8417,58175,446,0.32345277070999146
8411,57875,813,0.3277014195919037
8417,58175,408,0.3212346136569977
11296,58425,740,0.2988409399986267
11296,58425,733,0.30556565523147583
11296,58425,734,0.30141448974609375
11296,58425,729,0.2986902892589569
7856,57260,76,0.3615090548992157
7856,57260,78,0.357103168964386
7856,57260,940,0.3610263764858246
7856,57260,978,0.36105725169181824
7856,57260,72,0.35057976841926575
7818,56989,844,0.37213417887687683
4229,55501,696,0.37912943959236145
7818,56989,816,0.37788790464401245
7818,56989,851,0.3776882290840149
7818,56989,812,0.3779353201389313
7818,56989,807,0.38239189982414246
8414,57846,605,0.4388548731803894
8065,58248,691,0.3363775312900543
8065,58248,692,0.3268428444862366
7565,56809,109,0.33966419100761414
7301,56746,50,0.35900676250457764
7301,56746,46,0.353483647108078
7302,57012,487,0.35561054944992065
442,51882,564,0.3546774387359619
7302,57012,488,0.353495717048645
7302,57012,482,0.353146493434906
7301,56746,54,0.36231300234794617
7310,56693,706,0.35993388295173645
3695,55212,694,0.35633915662765503
7302,57012,472,0.35870251059532166
7287,57042,470,0.33631572127342224
5724,56364,406,0.3446753919124603
768,52281,133,0.3427985906600952
7291,56992,842,0.3460939824581146
7287,57042,469,0.3428090810775757
7291,56992,840,0.33910998702049255
7287,57042,472,0.3369249999523163
8164,57127,346,0.3273043632507324
6677,56385,838,0.35326629877090454
6677,56385,878,0.3443581759929657
6677,56385,880,0.3448779881000519
8225,57375,363,0.34423190355300903
8225,57375,402,0.3523266911506653
969,52442,262,0.3477361798286438
8400,57837,17,0.3184809386730194
8400,57837,12,0.31670424342155457
8538,57549,774,0.3729857802391052
8538,57549,776,0.37424954771995544
8538,57549,878,0.38759493827819824
8538,57549,895,0.3758964538574219
8290,57364,720,0.3958730399608612
8290,57364,671,0.3922066390514374
8290,57364,668,0.3917129635810852
7326,56710,532,0.361894428730011
548,51986,625,0.3642384111881256
7325,56717,938,0.3630012571811676
6395,56354,617,0.3657812178134918
6395,56354,647,0.362592875957489
1362,53050,256,0.30160048604011536
8365,57450,878,0.3078106939792633
8365,57450,836,0.30898410081863403
4628,55646,849,0.30763760209083557
8365,57450,838,0.31423699855804443
4628,55646,858,0.3086608052253723
8365,57450,880,0.30885443091392517
8361,57731,79,0.36569881439208984
8361,57731,78,0.3663381040096283
8361,57731,77,0.3668767511844635
8362,57732,534,0.36362019181251526
8361,57731,37,0.3684177100658417
8361,57731,80,0.3676103353500366
8362,57732,558,0.3709264397621155
8362,57732,488,0.3696689307689667
8361,57731,69,0.36848539113998413
8361,57731,74,0.37209153175354004
8362,57732,494,0.3665452003479004
8510,57846,405,0.31466686725616455
8510,57846,374,0.31216737627983093
8542,57933,222,0.3899945020675659
8542,57933,188,0.3819481432437897
8542,57933,184,0.38372325897216797
8544,58281,848,0.3776354193687439
8544,58281,850,0.3742901682853699
8545,58041,551,0.37124520540237427
8544,58281,856,0.3778718113899231
8532,58022,102,0.3714480698108673
8544,58281,854,0.36505886912345886
6064,56097,598,0.37705373764038086
8532,58022,106,0.36705678701400757
8545,58041,530,0.3695528209209442
8532,58022,103,0.3675523102283478
8861,57459,328,0.4429296851158142
4645,55623,875,0.4460735023021698
8861,57459,336,0.4434296786785126
1212,52703,485,0.4421508312225342
1212,52703,490,0.4417972266674042
8861,57459,323,0.43948689103126526
4645,55623,878,0.44943755865097046
4645,55623,869,0.44733843207359314
8861,57459,326,0.4486161470413208
950,52378,607,0.36210817098617554
8183,57375,566,0.36197221279144287
8183,57375,570,0.35616159439086914
950,52378,617,0.3638608157634735
8183,57375,569,0.36271390318870544
8183,57375,567,0.3613685071468353
7108,56686,398,0.35584786534309387
8183,57375,602,0.35437294840812683
7108,56686,423,0.35855400562286377
7108,56686,382,0.3637826144695282
1970,53386,419,0.3883635401725769
8381,57512,376,0.3820139765739441
4698,55623,140,0.3867143988609314
8381,57512,372,0.3849789500236511
8842,57424,678,0.3043678402900696
8842,57424,679,0.30453455448150635
8834,57458,743,0.31435778737068176
8834,57458,741,0.3121015429496765
8834,57458,786,0.31209632754325867
8391,57511,243,0.35986462235450745
8502,57512,266,0.4017443358898163
8502,57512,272,0.4025798738002777
8502,57512,265,0.4011829197406769
7098,56661,323,0.42005133628845215
8238,58171,38,0.4216237962245941
8238,58171,40,0.42184004187583923
1337,52767,46,0.35461291670799255
10731,58247,313,0.3510284423828125
10731,58247,316,0.34756192564964294
10731,58247,318,0.35271403193473816
10731,58247,280,0.3480115234851837
10762,58390,746,0.3694225251674652
10762,58390,752,0.37625938653945923
10762,58390,749,0.37726613879203796
8859,57452,83,0.38362565636634827
4602,55644,600,0.383985698223114
935,52643,284,0.382900208234787
10239,58142,631,0.37898048758506775
8859,57452,126,0.38576632738113403
10239,58142,669,0.38103386759757996
10239,58142,628,0.37555819749832153
10239,58142,666,0.38342219591140747
8859,57452,82,0.3785684108734131
4609,56251,175,0.3787764310836792
11376,58430,556,0.3320980966091156
11375,58426,969,0.33200395107269287
11375,58426,978,0.3309929072856903
11376,58430,541,0.33197128772735596
11376,58430,594,0.33611229062080383
11376,58430,591,0.3347336947917938
10232,58223,258,0.42218151688575745
10232,58223,256,0.4221314787864685
10232,58223,289,0.41937458515167236
10232,58223,292,0.42410337924957275
10232,58223,297,0.42851611971855164
11378,58437,801,0.3124336004257202
11378,58437,809,0.31517329812049866
11380,58462,901,0.3407283127307892
6443,56367,829,0.43551334738731384
11386,58514,961,0.4304778277873993
11386,58514,989,0.4413065016269684
11387,58512,631,0.4357392489910126
3968,55590,458,0.32675886154174805
10247,58162,780,0.3271975815296173
2015,53819,507,0.32691627740859985
10247,58162,779,0.3345349133014679
10247,58162,240,0.3284943699836731
10247,58162,778,0.33362510800361633
2015,53819,517,0.3313523828983307
6485,56342,453,0.3635012209415436
1975,53734,157,0.3651371896266937
6482,56358,53,0.36292216181755066
6485,56342,454,0.3611832559108734
11397,58522,915,0.36430904269218445
6482,56358,54,0.3643295168876648
6482,56358,57,0.36844998598098755
6482,56358,56,0.36129850149154663
6482,56358,59,0.36420977115631104
11397,58522,909,0.361491858959198
6485,56342,464,0.35944557189941406
11397,58522,919,0.3618953227996826
10746,58257,98,0.3798421025276184
10746,58257,104,0.3798122704029083
10746,58257,135,0.3777259290218353
10912,58253,102,0.31361380219459534
10912,58253,104,0.3117292821407318
10918,58254,624,0.3137921094894409
10723,58287,538,0.3730214536190033
8412,58172,668,0.32363778352737427
8412,58172,664,0.3180672526359558
8412,58172,670,0.3195856511592865
11636,58462,141,0.3913707435131073
11636,58462,102,0.392291784286499
11636,58462,144,0.3941340744495392
6504,56540,680,0.3905859887599945
11636,58462,140,0.38826656341552734
7766,58395,387,0.3195357024669647
7766,58395,393,0.3204006850719452
7767,58049,706,0.318360298871994
7767,58049,785,0.31920456886291504
6502,56544,854,0.3221674859523773
6502,56544,856,0.31724661588668823
7766,58395,392,0.3177420198917389
7767,58049,781,0.31690147519111633
7767,58049,792,0.317930668592453
7767,58049,822,0.31814733147621155
7766,58395,396,0.3208039700984955
7767,58049,783,0.3184084892272949
6880,56543,786,0.3226332664489746
7664,57367,776,0.3153597116470337
7664,57367,778,0.31895580887794495
7664,57367,819,0.3206033706665039
7664,57367,777,0.3154313266277313
6880,56543,747,0.32705336809158325
7664,57367,774,0.32263579964637756
6877,56544,23,0.3200627267360687
6880,56543,744,0.3250507414340973
6877,56544,30,0.3214293122291565
7664,57367,732,0.3133414685726166
7664,57367,724,0.31910955905914307
6280,56570,90,0.3633509576320648
6281,56295,708,0.3596034348011017
7660,57357,516,0.37333929538726807
6280,56570,140,0.3673218786716461
7662,57358,991,0.36312809586524963
6281,56295,758,0.36846470832824707
7662,57358,990,0.3592185080051422
7660,57357,561,0.3667380213737488
7662,57358,997,0.3653746247291565
6280,56570,94,0.363332599401474
6281,56295,760,0.3612886667251587
7724,58434,466,0.3560543358325958
6256,56323,908,0.35759487748146057
6260,56568,338,0.35730257630348206
6256,56323,903,0.3634415864944458
7724,58434,470,0.3546258807182312
7724,58434,465,0.35327598452568054
6260,56568,366,0.35954731702804565
6256,56323,863,0.35506972670555115
6260,56568,363,0.35223713517189026
6260,56568,368,0.3555132746696472
6260,56568,340,0.3592516779899597
11375,58426,35,0.30083081126213074
1938,53379,148,0.30359983444213867
11376,58430,478,0.30048781633377075
11376,58430,471,0.2970924377441406
5804,56304,913,0.297406941652298
11375,58426,28,0.29890286922454834
11375,58426,37,0.29999110102653503
11376,58430,474,0.30402201414108276
11375,58426,33,0.3028032183647156
8423,58198,575,0.3731106221675873
8423,58198,581,0.369489848613739
8423,58198,621,0.37146615982055664
1950,53436,388,0.3379523456096649
11379,58438,74,0.3359602987766266
11379,58438,69,0.33277323842048645
11380,58462,470,0.33522698283195496
11380,58462,474,0.3380793333053589
11379,58438,36,0.33773282170295715
11380,58462,472,0.33698955178260803
11380,58462,424,0.3317939341068268
11380,58462,427,0.34364140033721924
11379,58438,6,0.33610036969184875
11379,58438,9,0.33882445096969604
11379,58438,12,0.3461686670780182
11380,58462,399,0.34094977378845215
11380,58462,392,0.3323501646518707
11379,58438,18,0.34139156341552734
11380,58462,390,0.33738982677459717
11380,58462,396,0.3418719172477722
11352,58456,666,0.3216214179992676
11352,58456,668,0.32330650091171265
11352,58456,671,0.319325715303421
11352,58456,677,0.3205792307853699
6462,56326,40,0.31299424171447754
11352,58456,639,0.31663522124290466
